rank,asin,title,brand,category,product_type,deal_price_mxn,basis_price_mxn,basis_price_type,display_discount_pct,calculated_discount_pct,deal_message,deal_end_time,deal_type,percent_claimed,is_lightning_deal,rating,review_count,product_url,image_url,discount_difference_pp,category_clean,is_timed_deal,absolute_savings_mxn,price_band,extracted_at_utc,marketplace,currency
1,B0H2X4SW6H,"Laptop Gaming Lenovo LOQ | AMD Ryzen 7 250 | 16GB RAM 512GB SSD | 15,6"" FHD | NVIDIA GeForce RTX 5060 | con AI | Windows 11",Lenovo,gl_pc,NOTEBOOK_COMPUTER,25106.59,31999.0,Precio de lista:,22.0,21.539454357948685,Promoción,,BEST_DEAL,,False,5.0,2.0,https://www.amazon.com.mx/Laptop-Lenovo-LOQ-GeForce-Windows/dp/B0H2X4SW6H,https://m.media-amazon.com/images/I/71oLT1FSkPL.jpg,0.460545642051315,Pc,False,6892.41,"$5,000+",2026-09-24T22:23:06.483588+00:00,Amazon Mexico,MXN
2,B0DVJX97PM,Amazon Fire TV Stick HD (modelo más reciente): Control remoto por voz Alexa que recibe alimentación a través de la televisión y se configura fácilmente,Amazon,gl_digital_devices_4,DIGITAL_DEVICE_4,399.0,1199.0,Precio de lista:,67.0,66.72226855713093,Promoción,,BEST_DEAL,,False,4.0,1548.0,https://www.amazon.com.mx/Amazon-Fire-TV-Stick-HD-delgado-port%C3%A1til/dp/B0DVJX97PM,https://m.media-amazon.com/images/I/71XBDktYJZL.jpg,0.2777314428690687,Digital Devices 4,False,800.0,Under $500,2026-09-24T22:23:06.483588+00:00,Amazon Mexico,MXN
3,B0GCC92XD8,"XIAOMI Monitor A24i 2026 23.8'' 144 Hz Panel Fast IPS para Oficina y Juegos | FHD (1920×1080), Panel Fast IPS, 99% sRGB, 300 nits, Certificación Low Blue Light, Diseño ultradelgado",Xiaomi,gl_pc,MONITOR,1698.0,2299.0,Precio de lista:,26.0,26.141800782949108,Promoción,,BEST_DEAL,,False,4.0,150.0,https://www.amazon.com.mx/XIAOMI-Monitor-A24i-2026-Oficina/dp/B0GCC92XD8,https://m.media-amazon.com/images/I/61k5tpO56xL.jpg,0.14180078294910814,Pc,False,601.0,"$1,000–2,499",2026-09-24T22:23:06.483588+00:00,Amazon Mexico,MXN
4,B0BWSFG5J8,TP-Link Deco S7(2-Pack) Router Mesh WiFi5 AC1900 Cobertura 360m² - Doble Banda 1.9 Gbps - 3 Puertos Gigabit - Roaming IA para Moverte Sin Perder Conexión - App Deco - Conecta 100 Dispositivos,TP-Link,gl_pc,NETWORKING_ROUTER,1529.0,1699.0,Precio de lista:,10.0,10.005885815185403,Promoción,,BEST_DEAL,,False,5.0,3886.0,https://www.amazon.com.mx/TP-Link-Deco-1300Mbps-Compatible-S7/dp/B0BWSFG5J8,https://m.media-amazon.com/images/I/61JqIhl6lsL.jpg,0.005885815185402876,Pc,False,170.0,"$1,000–2,499",2026-09-24T22:23:06.483588+00:00,Amazon Mexico,MXN
5,B0G4TPZPZM,"ELEGOO Centauri Carbon 2 Combo Impresora 3D Volumen Impresión 256×256×256mm | Impresión con 4 Colores, CoreXY de Alta Velocidad 500mm/s, Calibración Automática, Lista para Imprimir",ELEGOO,gl_biss,3D_PRINTER,9679.99,10999.99,Precio de lista:,12.0,12.000010909100826,Promoción,,BEST_DEAL,,False,4.0,298.0,https://www.amazon.com.mx/ELEGOO-Impresora-Calibraci%C3%B3n-Autom%C3%A1tica-256%C3%97256%C3%97256mm/dp/B0G4TPZPZM,https://m.media-amazon.com/images/I/61pccqJZkNL.jpg,1.0909100826239637e-05,Biss,False,1320.0,"$5,000+",2026-09-24T22:23:06.483588+00:00,Amazon Mexico,MXN
6,B0F7Z3CBVF,"Amazon Fire TV Stick 4K Plus (modelo más reciente), compatible con Wi-Fi 6, Dolby Vision/Atmos",Amazon,gl_digital_devices_4,DIGITAL_DEVICE_4,749.0,1599.0,Precio de lista:,53.0,53.15822388993121,Promoción,,BEST_DEAL,,False,4.0,5236.0,https://www.amazon.com.mx/Amazon-modelo-reciente-compatible-Vision/dp/B0F7Z3CBVF,https://m.media-amazon.com/images/I/71na62XTlTL.jpg,0.1582238899312074,Digital Devices 4,False,850.0,$500–999,2026-09-24T22:23:06.483588+00:00,Amazon Mexico,MXN
7,B0DHJ5KGFK,Apple iPhone 16 Pro Max 512GB Titanio del Desierto Desbloqueado (Reacondicionado) Esim,Apple,gl_wireless,CELLULAR_PHONE,16890.07,18088.78,Precio anterior:,7.0,6.62681507542244,Promoción,,BEST_DEAL,,False,4.0,3651.0,https://www.amazon.com.mx/Apple-iPhone-Titanio-Desierto-Reacondicionado/dp/B0DHJ5KGFK,https://m.media-amazon.com/images/I/51hANpBRKwL.jpg,0.3731849245775596,Wireless,False,1198.7099999999991,"$5,000+",2026-09-24T22:23:06.483588+00:00,Amazon Mexico,MXN
8,B07C5XD33D,"CeraVe Gel Limpiador Espumoso para Piel Normal a Grasa con Ceramidas Esenciales, Niacinamida y Ácido Hialurónico que Protege e Hidrata la Barrera Natural de la Piel, 473ml",CeraVe,gl_beauty,SKIN_CLEANING_AGENT,261.05,599.0,Precio de lista:,56.0,56.419031719532555,Promoción,,BEST_DEAL,,False,5.0,58500.0,https://www.amazon.com.mx/Cerave-Gel-Limpiador-Espumoso-473/dp/B07C5XD33D,https://m.media-amazon.com/images/I/515j2aH1+jL.jpg,0.4190317195325548,Beauty,False,337.95,Under $500,2026-09-24T22:23:06.483588+00:00,Amazon Mexico,MXN
9,B0GH2NNM5C,"Tablet Lenovo Idea Tab |4GB RAM + 128 GB UFS |11"" 2.5K| Android 15 | Incluye Tab Pen + Funda Tipo Libro (Modelo 2026)",Lenovo,gl_pc,TABLET_COMPUTER,3012.7,4999.0,Precio de lista:,40.0,39.73394678935788,Termina en,2026-09-25T05:59:59.000Z,BEST_DEAL,,False,5.0,15.0,https://www.amazon.com.mx/Tablet-Lenovo-Android-Incluye-Modelo/dp/B0GH2NNM5C,https://m.media-amazon.com/images/I/61a0dTlwh0L.jpg,0.26605321064212006,Pc,True,1986.3000000000002,"$2,500–4,999",2026-09-24T22:23:06.483588+00:00,Amazon Mexico,MXN
10,B0FNBWSN54,JBL PartyBox 720 - La bocina para Fiestas JBL de baterías es más Potente con el Sonido Superior JBL Pro Sound y un espectáculo de Luces futurista - Black,JBL,gl_electronics,SPEAKERS,14699.3,20999.0,Precio de lista:,30.0,30.000000000000004,Promoción,,BEST_DEAL,,False,4.0,331.0,https://www.amazon.com.mx/JBL-PartyBox-720-espect%C3%A1culo-futurista/dp/B0FNBWSN54,https://m.media-amazon.com/images/I/81BC3-PTuTL.jpg,3.552713678800501e-15,Electronics,False,6299.700000000001,"$5,000+",2026-09-24T22:23:06.483588+00:00,Amazon Mexico,MXN
11,B0BMGSZMW9,Ninja Licuadora Profesional Plus DUO 1400W Jarra 2.1L + 2 Vasos BN751 | Pro Extractor Blades para Extracciones | Jarra 2.1L + 2 Vasos | 3 Auto-IQ | Apto Lavavajillas,Ninja,gl_kitchen,FOOD_BLENDER,2299.0,2999.99,Precio de lista:,23.0,23.366411221370733,Promoción,,BEST_DEAL,,False,5.0,5341.0,https://www.amazon.com.mx/Ninja-BN751-Professional-Smoothies-Extractions/dp/B0BMGSZMW9,https://m.media-amazon.com/images/I/6174sfveXTL.jpg,0.3664112213707327,Kitchen,False,700.9899999999998,"$1,000–2,499",2026-09-24T22:23:06.483588+00:00,Amazon Mexico,MXN
12,B07CHPWFXK,"CeraVe Crema Hidratante Facial y Corporal para Piel Seca 454g | Restaura la Barrera de la Piel e Hidrata por 48 hrs, con Ceramidas Esenciales y Ácido Hialurónico",CeraVe,gl_beauty,SKIN_MOISTURIZER,269.49,549.0,Precio de lista:,51.0,50.91256830601093,Promoción,,BEST_DEAL,,False,4.0,82605.0,https://www.amazon.com.mx/Cerave-Crema-Hidratante-16-454/dp/B07CHPWFXK,https://m.media-amazon.com/images/I/51-eOXst+iL.jpg,0.08743169398906758,Beauty,False,279.51,Under $500,2026-09-24T22:23:06.483588+00:00,Amazon Mexico,MXN
13,B0FKGZQFDN,"XIAOMI Teléfono Celular Poco M7, Pantalla FHD+ 6.9"" 144Hz, Procesador Snapdragon 685, Batería 7000mAh Carga Rápida 33W, Cámara 50MP (Plata, 256, GB, GB, 8)",Xiaomi,gl_wireless,CELLULAR_PHONE,3490.0,3690.0,Precio de lista:,5.0,5.420054200542006,Termina en,2026-09-25T05:59:59.000Z,BEST_DEAL,,False,4.0,209.0,https://www.amazon.com.mx/Celular-Xiaomi-POCO-M7-256GB/dp/B0FKGZQFDN,https://m.media-amazon.com/images/I/61GAjrfuRdL.jpg,0.4200542005420056,Wireless,True,200.0,"$2,500–4,999",2026-09-24T22:23:06.483588+00:00,Amazon Mexico,MXN
14,B0G45F93BH,"Apple Iphone 17 Pro, 1TB, Esim, Naranja C?smico- Desbloqueado (Reacondicionado Premium)",Apple,gl_wireless,CELLULAR_PHONE,24756.0,28909.04,Precio anterior:,14.0,14.36588693363737,Promoción,,BEST_DEAL,,False,4.0,392.0,https://www.amazon.com.mx/Apple-Naranja-Desbloqueado-Reacondicionado-Premium/dp/B0G45F93BH,https://m.media-amazon.com/images/I/51fpWBn0ZQL.jpg,0.3658869336373698,Wireless,False,4153.040000000001,"$5,000+",2026-09-24T22:23:06.483588+00:00,Amazon Mexico,MXN
15,B0CF2FNGB4,"DELL 15 | 15.6"" FHD Touch | Intel Core i7-1355U | 16GB RAM / 512GB SSD | UHD Graphics | Windows 11 | Negro",Dell,gl_pc,NOTEBOOK_COMPUTER,14799.0,16599.0,Precio de lista:,11.0,10.844026748599314,Promoción,,BEST_DEAL,,False,5.0,2.0,https://www.amazon.com.mx/LDC15250-7427BLK-PUS-i7-1355U-Graphics-1920X1080-Windows/dp/B0CF2FNGB4,https://m.media-amazon.com/images/I/71rbQSZVWnL.jpg,0.1559732514006864,Pc,False,1800.0,"$5,000+",2026-09-24T22:23:06.483588+00:00,Amazon Mexico,MXN
16,B0H1T5YWJD,Samsung Galaxy Tab A11 Plata 64GB - Versión Nacional (Garantía extendida 3 años),Samsung,gl_pc,TABLET_COMPUTER,2099.0,2599.0,Precio de lista:,19.0,19.23816852635629,Promoción,,BEST_DEAL,,False,4.0,351.0,https://www.amazon.com.mx/Samsung-Galaxy-Tab-Plata-64GB/dp/B0H1T5YWJD,https://m.media-amazon.com/images/I/511aT3n8VrL.jpg,0.23816852635629004,Pc,False,500.0,"$1,000–2,499",2026-09-24T22:23:06.483588+00:00,Amazon Mexico,MXN
17,B0HG1GV2VW,"HUAWEI Watch GT 7 Pro Smartwatch 46mm Fluoroelastomero Negro | Reloj Inteligente, hasta 21 Días, GPS, NFC, ECG, 3000 Nits, 5 ATM, para Golf, Buceo, Esquí y Ciclismo, Android y iOS",HUAWEI,gl_wireless,WEARABLE_COMPUTER,6999.0,8999.0,Precio de lista:,22.0,22.2246916324036,Promoción,,BEST_DEAL,,False,5.0,8.0,https://www.amazon.com.mx/HUAWEI-Watch-Smartwatch-Fluoroelastomero-Negro/dp/B0HG1GV2VW,https://m.media-amazon.com/images/I/71fbPDxzc1L.jpg,0.22469163240360146,Wireless,False,2000.0,"$5,000+",2026-09-24T22:23:06.483588+00:00,Amazon Mexico,MXN
18,B0CN8HCN6W,Emma Colchón Hybrid Active-Cooling King Size 200x190cm – Memory Foam & Resortes I Regula la Temperatura I Colchones en Caja I Alivio Dolor de Espalda I 100 Noches de Prueba I Garantía 10 Años,Emma,gl_furniture,MATTRESS,12498.99,26189.0,Precio de lista:,52.0,52.273893619458555,Promoción,,BEST_DEAL,,False,4.0,139.0,https://www.amazon.com.mx/Emma-Colch%C3%B3n-Hybrid-Active-Cooling-200x190cm/dp/B0CN8HCN6W,https://m.media-amazon.com/images/I/41-TRs9C+kL.jpg,0.27389361945855484,Furniture,False,13690.01,"$5,000+",2026-09-24T22:23:06.483588+00:00,Amazon Mexico,MXN
19,B01N1UX8RW,"RENPHO Bascula Digital Corporal y Muscular con App, 13 Métricas, IMC, Elis1 | Bascula de Baño Inteligente para Fitness, Seguimiento Masa Muscular, Alta Precisión Bascula Corporal, Múltiples Usuarios",RENPHO,gl_drugstore,WEIGH_SCALE,351.47,541.99,Precio de lista:,35.0,35.15194007269506,Promoción,,BEST_DEAL,,False,4.0,343195.0,https://www.amazon.com.mx/Bluetooth-RENPHO-Aplicaci%C3%B3n-Smartphone-Capacidad/dp/B01N1UX8RW,https://m.media-amazon.com/images/I/61KqTsLN+pL.jpg,0.15194007269506216,Drugstore,False,190.51999999999998,Under $500,2026-09-24T22:23:06.483588+00:00,Amazon Mexico,MXN
20,B0GYRW5WS2,"xTool M2 Grabadora Láser 10W con Impresora CMYK y RA3 Lite, Kit Todo en 1 | Diseño Cerrado de Seguridad Clase 1, Grabado en Vasos, Tazas, Madera y Cuero, Ideal para Manualidades",xTool,gl_home_improvement,LEVEL,23999.98,31999.99,Precio de lista:,25.0,25.000039062512215,Termina en,2026-09-25T05:59:59.000Z,BEST_DEAL,,False,5.0,1.0,https://www.amazon.com.mx/xTool-Grabadora-L%C3%A1ser-Impresora-CMYK/dp/B0GYRW5WS2,https://m.media-amazon.com/images/I/71C3uf0GJFL.jpg,3.906251221508228e-05,Home Improvement,True,8000.010000000002,"$5,000+",2026-09-24T22:23:06.483588+00:00,Amazon Mexico,MXN
21,B0BS1SG4S8,"HP Impresora Multifuncional Smart Tank 580, Tinta Continua, Color, Wi-Fi, Dúplex (Doble Cara) Manual, Impresión Desde Smart App, 2 años de Garantía (1F3Y2A)",HP,gl_office_product,PRINTER,3244.41,5499.0,Precio de lista:,41.0,41.0,Promoción,,BEST_DEAL,,False,4.0,1057.0,https://www.amazon.com.mx/HP-Impresora-Multifuncional-Impresi%C3%B3n-1F3Y2A/dp/B0BS1SG4S8,https://m.media-amazon.com/images/I/61F9i0HXflL.jpg,0.0,Office Product,False,2254.59,"$2,500–4,999",2026-09-24T22:23:06.483588+00:00,Amazon Mexico,MXN
22,B0GTCC54TL,"TCL Smart TV 65"" 65A400 Pro MINILED 4K UHD Art TV - Google TV | VRR 144 Hz HDR10+ | Dolby Atmos Onkyo | Bluetooth 5.4, Wi-Fi | Compatible con Alexa | Cine en Casa",TCL,gl_home_entertainment,TELEVISION,14800.0,26998.0,Precio de lista:,45.0,45.181124527742796,Promoción,,BEST_DEAL,,False,4.0,15.0,https://www.amazon.com.mx/TCL-Smart-65A400-Pro-MINILED/dp/B0GTCC54TL,https://m.media-amazon.com/images/I/71ETkVjXF+L.jpg,0.18112452774279575,Home Entertainment,False,12198.0,"$5,000+",2026-09-24T22:23:06.483588+00:00,Amazon Mexico,MXN
23,B0DJDHWJYC,"Bluelander Caminadora Electrica, Walking Pad Con Asa, 100*48*120 cm, 110 V, Pantalla Digital, Caminadora Plegable, 2.5 HP, Portatil, Ideal para Oficina, Hogar, Cinta para Caminar (Walking Pad con Asa)",,gl_sports,TREADMILL,2352.99,4349.0,Precio de lista:,46.0,45.8958381237066,Promoción,,BEST_DEAL,,False,4.0,1222.0,https://www.amazon.com.mx/Bluelander-Caminadora-Electrica-Walking-Pantalla/dp/B0DJDHWJYC,https://m.media-amazon.com/images/I/71IZAC7FXpL.jpg,0.10416187629339646,Sports,False,1996.0100000000002,"$1,000–2,499",2026-09-24T22:23:06.483588+00:00,Amazon Mexico,MXN
24,B0GJFL3WHS,Cricut Plotter de Corte Explore 5 Color Perla Paquete de Inicio,Cricut,gl_home,DIE_CUT_MACHINE,5139.3,6599.0,Precio de lista:,22.0,22.120018184573418,Promoción,,BEST_DEAL,,False,4.0,252.0,https://www.amazon.com.mx/Cricut-Contenido-materiales-Suministros-Proyectos/dp/B0GJFL3WHS,https://m.media-amazon.com/images/I/714WSsyX9ML.jpg,0.12001818457341784,Home,False,1459.6999999999998,"$5,000+",2026-09-24T22:23:06.483588+00:00,Amazon Mexico,MXN
25,B0D161PYFW,"AVENT Philips Monitor de Bebé con Traductor de Llanto | Vigila sueño y respiración sin accesorios | Conexión privada y sin Wi-Fi | Monitor de 5"" y app Baby Monitor+ | SCD973/37",AVENT,gl_baby_product,SECURITY_CAMERA,5997.0,9999.0,Precio de lista:,40.0,40.02400240024002,Promoción,,BEST_DEAL,,False,4.0,264.0,https://www.amazon.com.mx/Philips-Avent-Premium-Connected-Monitor/dp/B0D161PYFW,https://m.media-amazon.com/images/I/71hBD1CySuL.jpg,0.02400240024002187,Baby Product,False,4002.0,"$5,000+",2026-09-24T22:23:06.483588+00:00,Amazon Mexico,MXN
26,B0GZ3X7Z6V,"Momcozy Extractor de Leche Electrico M5 Smart, 2 Piezas, Rojo Acogedor | Control por App, Brida 24mm, 3 Modos, 9 Niveles, Sin BPA, Portátil, Ligero, Acogedor, Maternidad, Viaje",Momcozy,gl_personal_care_appliances,BREAST_PUMP,3399.99,4599.99,Precio de lista:,26.0,26.087013232637464,Termina en,2026-09-25T05:59:59.000Z,BEST_DEAL,,False,,,https://www.amazon.com.mx/Momcozy-Extractor-Electrico-Piezas-Acogedor/dp/B0GZ3X7Z6V,https://m.media-amazon.com/images/I/61Rl-yTLr1L.jpg,0.08701323263746374,Personal Care Appliances,True,1200.0,"$2,500–4,999",2026-09-24T22:23:06.483588+00:00,Amazon Mexico,MXN
27,B0D9WV919N,"Ninja CO905KS Deluxe Kitchen System, Potencia 1600W, Procesador con Licuadora, Jarra 86oz, 2 Vasos 24oz, Tecnología Auto-IQ, Sistema de Cocina Profesional Multifuncional, Color Negro (Reacondicionado)",Ninja,gl_kitchen,ELECTRIC_FOOD_MILL_GRINDER,2678.99,2980.0,Precio de lista:,10.0,10.101006711409404,Promoción,,BEST_DEAL,,False,4.0,267.0,https://www.amazon.com.mx/Ninja-CO905KS-Kitchen-Procesador-alimentos/dp/B0D9WV919N,https://m.media-amazon.com/images/I/615OHhKrGyL.jpg,0.1010067114094042,Kitchen,False,301.0100000000002,"$2,500–4,999",2026-09-24T22:23:06.483588+00:00,Amazon Mexico,MXN
28,B0B9ZMZ65C,"SHARK, FlexStyle Sistema de Peinado y Secadora de Cabello, Multiestilizador con 5 Funciones y 6 Accesorios, Ideal para Todo Tipo de Cabello, Color Negro, HD440BK",SHARK,gl_personal_care_appliances,HAIR_DRYER,3849.0,6199.99,Precio de lista:,38.0,37.919254708475336,Promoción,,BEST_DEAL,,False,4.0,2185.0,https://www.amazon.com.mx/Multiestilizador-FlexStyle-HD440BK-funciones-accesorios/dp/B0B9ZMZ65C,https://m.media-amazon.com/images/I/51Ay5KieEhL.jpg,0.08074529152466425,Personal Care Appliances,False,2350.99,"$2,500–4,999",2026-09-24T22:23:06.483588+00:00,Amazon Mexico,MXN
29,B06X93NFJ5,Extractor Spectra S1 Plus | Spectra Extractor de Leche Electrico Doble con Batería Recargable | Extractor Grado Hospitalario | Sacaleches Electrico Doble Sistema Cerrado | Kit Extracción Leche Materna,Spectra,gl_personal_care_appliances,BREAST_PUMP,3599.2,4499.0,Precio de lista:,20.0,20.000000000000004,Promoción,,BEST_DEAL,,False,5.0,420.0,https://www.amazon.com.mx/Extractor-Hospitalario-Extracci%C3%B3n-El%C3%A9ctrico-Inal%C3%A1mbrico/dp/B06X93NFJ5,https://m.media-amazon.com/images/I/61AhhdFZ95L.jpg,3.552713678800501e-15,Personal Care Appliances,False,899.8000000000002,"$2,500–4,999",2026-09-24T22:23:06.483588+00:00,Amazon Mexico,MXN
30,B09DCXVG6N,"Deyllo Sujetador Reductor de Talla Grande - Cobertura Completa, Sin Aros y Sin Relleno, Cómodo y Ajustable",,gl_apparel,BRA,601.19,667.99,Precio de lista:,10.0,10.000149702839856,Termina en,2026-09-25T05:59:59.000Z,BEST_DEAL,,False,4.0,12307.0,https://www.amazon.com.mx/Deyllo-Sujetador-reductor-cobertura-acolchado/dp/B09DCXVG6N,https://m.media-amazon.com/images/I/81YX6wZvqDL.jpg,0.00014970283985604738,Apparel,True,66.79999999999995,$500–999,2026-09-24T22:23:06.483588+00:00,Amazon Mexico,MXN
31,B0CH33F5P2,"UGREEN 10000mAh Power Bank Inalámbrico PD 20W Powerbank Magnético | Carga Rapida Cargador USB C Portail, Bateria Externa Compatible con iPhone 17/16/15/14 Serie, Galaxy, iPad, LG, Negro",UGREEN,gl_electronics,POWER_BANK,599.0,1199.0,Precio de lista:,50.0,50.0417014178482,Promoción,,BEST_DEAL,,False,4.0,14762.0,https://www.amazon.com.mx/UGREEN-10000mAh-Inal%C3%A1mbrico-Magn%C3%A9tico-Compatible/dp/B0CH33F5P2,https://m.media-amazon.com/images/I/51vN5HSukQL.jpg,0.04170141784820203,Electronics,False,600.0,$500–999,2026-09-24T22:23:06.483588+00:00,Amazon Mexico,MXN
32,B0CM23FSC8,"Emma Colchón Individual Comfort, Colchón de Memory Foam I 100x190 cm | Tecnología Cut-Outs I Colchones en Caja I Tecnología Alemana I Soporte Ergonómico I 100 Noches de Prueba y 10 Años de Garantía",Emma,gl_furniture,MATTRESS,3468.99,5709.0,Precio de lista:,39.0,39.23646873357857,Promoción,,BEST_DEAL,,False,4.0,598.0,https://www.amazon.com.mx/Emma-Individual-Tecnolog%C3%ADa-Colchones-Ergon%C3%B3mico/dp/B0CM23FSC8,https://m.media-amazon.com/images/I/61vtggG6c4L.jpg,0.2364687335785689,Furniture,False,2240.01,"$2,500–4,999",2026-09-24T22:23:06.483588+00:00,Amazon Mexico,MXN
33,B0BN7GSMJ4,Creatina Monohidratada Micronizada en Polvo | 100% Alta Pureza Certificada | Pre Workout | 90 porciones de 5g Disuelve rápido - Suplemento Alimenticio- Veganos y/o vegetarianos | Proteina Creatine Monohydrate Pre Entreno | 450g,BEYOND VITAMINS,gl_drugstore,NUTRITIONAL_SUPPLEMENT,285.23,499.0,Precio de lista:,43.0,42.83967935871743,Promoción,,BEST_DEAL,,False,5.0,2801.0,https://www.amazon.com.mx/Creatina-Monohidratada-Micronizada-Certificada-porciones/dp/B0BN7GSMJ4,https://m.media-amazon.com/images/I/61jozA89pvL.jpg,0.16032064128256707,Drugstore,False,213.76999999999998,Under $500,2026-09-24T22:23:06.483588+00:00,Amazon Mexico,MXN
34,B0DHHWGY8T,"Hisense 4K Laser Mini Proyector C2 Ultra- 65""-300"" Tamaño de proyección, Pure Triple Color, Dolby Vision&Atmos, 3000 ANSI Lumenes de Brillo y diseñado para Xbox.",Hisense,gl_home_entertainment,VIDEO_PROJECTOR,32990.0,37499.0,Precio de lista:,12.0,12.024320648550628,Promoción,,BEST_DEAL,,False,5.0,35.0,https://www.amazon.com.mx/Hisense-Proyector-C2-proyecci%C3%B3n-dise%C3%B1ado/dp/B0DHHWGY8T,https://m.media-amazon.com/images/I/71-2K67eotL.jpg,0.024320648550627766,Home Entertainment,False,4509.0,"$5,000+",2026-09-24T22:23:06.483588+00:00,Amazon Mexico,MXN
35,B0DX7H4BC8,"Fender California Debut Redondo CE Guitarra Electroacústica, Tapa de Pícea, Color Negro",Fender,gl_musical_instruments,GUITARS,2787.27,3199.0,Precio de lista:,13.0,12.870584557674276,Oferta Prime limitada,,BEST_DEAL,,,4.0,975.0,https://www.amazon.com.mx/Fender-Electroac%C3%BAstica-California-RedondoTM-Pickguard/dp/B0DX7H4BC8,https://m.media-amazon.com/images/I/61wY4--A4GL.jpg,0.12941544232572433,Musical Instruments,False,411.73,"$2,500–4,999",2026-09-24T22:23:06.483588+00:00,Amazon Mexico,MXN
36,B0DHLTRSW2,Blink Outdoor 4 (último modelo): Cámara de seguridad inteligente inalámbrica con dos años de duración de las pilas. Sync Module Core incluido: Sistema de 5 cámaras,Blink,gl_vdo_devices,VDO_DEVICES,2479.0,7099.0,Precio de lista:,65.0,65.07958867446119,Promoción,,BEST_DEAL,,False,4.0,518.0,https://www.amazon.com.mx/Blink-Outdoor-%C3%BAltimo-modelo-inteligente/dp/B0DHLTRSW2,https://m.media-amazon.com/images/I/31oSNXtjjyL.jpg,0.079588674461192,Vdo Devices,False,4620.0,"$1,000–2,499",2026-09-24T22:23:06.483588+00:00,Amazon Mexico,MXN
37,B0BVZG4X9K,"ELEGOO Filamento PLA+ 1.75 1KG Naranja | PLA Plus para Impresora 3D, Precisión Dimensional +/- 0.02mm, Carrete de Filamento 3D, para Mayoría Impresoras 3D",ELEGOO,gl_office_product,THERMOPLASTIC_FILAMENT,298.99,373.99,Precio de lista:,20.0,20.054012139362015,Promoción,,BEST_DEAL,,False,4.0,3036.0,https://www.amazon.com.mx/ELEGOO-Filamento-PLA-1-75-Naranja/dp/B0BVZG4X9K,https://m.media-amazon.com/images/I/71C+jQT6YoL.jpg,0.05401213936201543,Office Product,False,75.0,Under $500,2026-09-24T22:23:06.483588+00:00,Amazon Mexico,MXN
38,B0F2X9QDDW,"Lenovo Tablet Tab Plus | 11,5"" 2K | MediaTek Helio | 8GB RAM 128 GB UFS",Lenovo,gl_pc,TABLET_COMPUTER,4599.0,7399.0,Precio de lista:,38.0,37.84295175023652,Termina en,2026-09-25T05:59:59.000Z,BEST_DEAL,,False,4.0,351.0,https://www.amazon.com.mx/Lenovo-Tablet-MediaTek-Incluye-Auriculares/dp/B0F2X9QDDW,https://m.media-amazon.com/images/I/71gIWDAhSFL.jpg,0.1570482497634771,Pc,True,2800.0,"$2,500–4,999",2026-09-24T22:23:06.483588+00:00,Amazon Mexico,MXN
39,B09Y9KJ16N,"Elvive Tratamiento en Aceite L'Oréal Paris Óleo Extraordinario pelo más suave y con brillo intenso con 6 óleos de flores preciosas, 100 ml",L'Oreal Paris,gl_beauty,HAIR_STYLING_AGENT,123.02,195.0,Precio de lista:,37.0,36.91282051282052,Promoción,,BEST_DEAL,,False,4.0,21080.0,https://www.amazon.com.mx/LOr%C3%A9al-Tratamiento-Aceite-Extraordinario-Elvive/dp/B09Y9KJ16N,https://m.media-amazon.com/images/I/51ZwOIdjvNL.jpg,0.08717948717948332,Beauty,False,71.98,Under $500,2026-09-24T22:23:06.483588+00:00,Amazon Mexico,MXN
40,B0FBGC8LRX,"ELEGOO PLA Filament Basic 1.75mm 4KG Amarillo/Verde/Beige/Marrón | Filamento para Impresora 3D sin Bobina, Precisión Dimensional +/- 0.02mm, Recarga de para Bobinas Reutilizables",ELEGOO,gl_office_product,THERMOPLASTIC_FILAMENT,959.19,1089.99,Precio de lista:,12.0,12.00011009275314,Promoción,,BEST_DEAL,,False,4.0,417.0,https://www.amazon.com.mx/ELEGOO-Filament-1-75mm-Amarillo-Marr%C3%B3n/dp/B0FBGC8LRX,https://m.media-amazon.com/images/I/71SbPlYYTtL.jpg,0.00011009275313966782,Office Product,False,130.79999999999995,$500–999,2026-09-24T22:23:06.483588+00:00,Amazon Mexico,MXN
41,B06X93NFJC,"Extractor Spectra S2 Plus | Spectra Extractor de Leche Electrico Doble | Extractor Grado Hospitalario | Saca Leche Electrico Doble Sistema Cerrado | Sacaleches Electrico, Kit Extracción Leche Materna",Spectra,gl_baby_product,BREAST_PUMP,2799.2,3499.0,Precio de lista:,20.0,20.000000000000004,Promoción,,BEST_DEAL,,False,4.0,523.0,https://www.amazon.com.mx/SPECTRA-Extractor-Materna-El%C3%A9ctrico-Hospitalario/dp/B06X93NFJC,https://m.media-amazon.com/images/I/61llOigwYsL.jpg,3.552713678800501e-15,Baby Product,False,699.8000000000002,"$2,500–4,999",2026-09-24T22:23:06.483588+00:00,Amazon Mexico,MXN
42,B0D8HQJ9DV,"MEJE #MZE013 - Inodoro inteligente de lujo de una pieza, bidé calentado con secadora y agua tibia, descarga automática, apertura y cierre automático, con control remoto, luz nocturna, blanco",MEJE,gl_home_improvement,TOILET,14900.5,17530.0,Precio de lista:,15.0,15.0,Promoción,,BEST_DEAL,10.0,False,4.0,9.0,https://www.amazon.com.mx/MEJE-MZE013-inteligente-autom%C3%A1tica-autom%C3%A1tico/dp/B0D8HQJ9DV,https://m.media-amazon.com/images/I/51445Qj991L.jpg,0.0,Home Improvement,False,2629.5,"$5,000+",2026-09-24T22:23:06.483588+00:00,Amazon Mexico,MXN
43,B0H4YP19S6,"TAURI Funda para iPhone 18 Pro 6.3"" con Mica - Borgoña | Compatible con MagSafe, Vidrio Templado para Pantalla, Protección Lente Cámara, Antigolpes Militar Magnética Carcasa",TAURI,gl_electronics,CELLULAR_PHONE_CASE,309.0,329.0,Anterior:,6.0,6.079027355623101,Termina en,2026-09-25T05:59:59.000Z,BEST_DEAL,,False,4.0,4.0,https://www.amazon.com.mx/TAURI-Funda-iPhone-18-Pro/dp/B0H4YP19S6,https://m.media-amazon.com/images/I/713xPCrYq6L.jpg,0.0790273556231007,Electronics,True,20.0,Under $500,2026-09-24T22:23:06.483588+00:00,Amazon Mexico,MXN
44,B0CR9XWY2B,"Taygeer Mochila de Viaje 10 kg Avión 40L para Hombre y Mujer, Negra | Laptop 17.3 pulgadas, apertura 180°, bolsa para zapatos, bolsillo impermeable, correa para equipaje, negocios y escapadas",Taygeer,gl_luggage,BACKPACK,549.0,629.0,Anterior:,13.0,12.71860095389507,Promoción,,BEST_DEAL,,False,5.0,29837.0,https://www.amazon.com.mx/Taygeer-Mochila-Bolsillo-pulgadas-Aprobada/dp/B0CR9XWY2B,https://m.media-amazon.com/images/I/61mBPzS4IeL.jpg,0.28139904610493005,Luggage,False,80.0,$500–999,2026-09-24T22:23:06.483588+00:00,Amazon Mexico,MXN
45,B08HPQW9QP,B Life Glicinato de Magnesio Puro 260 cápsulas,B Life Company,gl_drugstore,MINERAL_SUPPLEMENT,311.0,439.0,Precio de lista:,29.0,29.157175398633257,Promoción,,BEST_DEAL,,False,4.0,8164.0,https://www.amazon.com.mx/Life-Glicinato-Magnesio-C%C3%A1psulas-408mg/dp/B08HPQW9QP,https://m.media-amazon.com/images/I/61DBpezMacL.jpg,0.1571753986332567,Drugstore,False,128.0,Under $500,2026-09-24T22:23:06.483588+00:00,Amazon Mexico,MXN
46,B0BXTSF974,"Dreamlab Cubre Colchón de Microfibra| Extra Relleno de Microfibras recubiertas en Gel | Hipoalergénico, Certificado Oekotex-100 | Tamaño King Size (200cm x 190cm)",Dreamlab,gl_home,MATTRESS_COVER,1299.0,1623.75,Precio de lista:,20.0,20.0,Promoción,,BEST_DEAL,,False,4.0,2602.0,https://www.amazon.com.mx/Dreamlab-Microfibras-recubiertas-Hipoalerg%C3%A9nico-Certificado/dp/B0BXTSF974,https://m.media-amazon.com/images/I/71wFrKhNfcL.jpg,0.0,Home,False,324.75,"$1,000–2,499",2026-09-24T22:23:06.483588+00:00,Amazon Mexico,MXN
47,B0GH2RV5QS,"Tablet Lenovo Idea Tab Plus |12,1"" 2,5K| 8 GB + 256 GB UFS| Android 15 | Incluye: Tab Pen Plus + Teclado",Lenovo,gl_pc,TABLET_COMPUTER,6799.0,8499.0,Precio de lista:,20.0,20.00235321802565,Termina en,2026-09-25T05:59:59.000Z,BEST_DEAL,,False,4.0,16.0,https://www.amazon.com.mx/Tablet-Lenovo-Idea-Android-Incluye/dp/B0GH2RV5QS,https://m.media-amazon.com/images/I/71pSPD1HJCL.jpg,0.00235321802565025,Pc,True,1700.0,"$5,000+",2026-09-24T22:23:06.483588+00:00,Amazon Mexico,MXN
48,B0F962M47Q,"Cámara para exteriores 2K+ Blink (modelo más reciente): cámara de seguridad inteligente e inalámbrica, resolución de video 2K, Módulo de sincronización básico incluido - Sistema de 3 cámaras (negro)",Blink,gl_vdo_devices,VDO_DEVICES,1749.0,4999.0,Precio de lista:,65.0,65.01300260052011,Promoción,,BEST_DEAL,,False,4.0,9.0,https://www.amazon.com.mx/Blink-Outdoor-2K-c%C3%A1mara-de-seguridad-inteligente-e-inal%C3%A1mbrica/dp/B0F962M47Q,https://m.media-amazon.com/images/I/41utcfIN6oL.jpg,0.013002600520110263,Vdo Devices,False,3250.0,"$1,000–2,499",2026-09-24T22:23:06.483588+00:00,Amazon Mexico,MXN
49,B0D5CSXKWT,"NANWEI Lino Cortinas Blackout con Aislamiento Térmico, 100% Blackout y Ojal Superior Cortina para Recámara y Ventana de Sala, Capa Trasera de Revestimiento Gris, 2 Paneles, 132 x 213.3 cm, Lion",NANWEI,gl_home,CURTAIN,641.51,729.0,Anterior:,12.0,12.001371742112484,Promoción,,BEST_DEAL,,False,4.0,3664.0,https://www.amazon.com.mx/NANWEI-Cortinas-Blackout-Aislamiento-Revestimiento/dp/B0D5CSXKWT,https://m.media-amazon.com/images/I/61320W9Hp-L.jpg,0.0013717421124841422,Home,False,87.49000000000001,$500–999,2026-09-24T22:23:06.483588+00:00,Amazon Mexico,MXN
50,B0FHJ8XWWL,"Videotimbre inalámbrico 2K Ring (último modelo): Retinal 2K con video de gran angular, zoom mejorado de hasta 6x, comunicación bidireccional y batería integrada (gris moteado)",Ring,gl_digital_products_9_accessory,VDO_DEVICES,799.0,2199.0,Precio de lista:,64.0,63.665302410186456,Promoción,,BEST_DEAL,,False,4.0,295.0,https://www.amazon.com.mx/1-Gris-moteado-satinado-%E2%80%93-EE.-UU./dp/B0FHJ8XWWL,https://m.media-amazon.com/images/I/616Leg1GwuL.jpg,0.334697589813544,Digital Products 9 Accessory,False,1400.0,$500–999,2026-09-24T22:23:06.483588+00:00,Amazon Mexico,MXN
51,B0H4KNCZDN,"TOCOL Funda para iPhone 18 Pro Case, Protección Cámara, Cereza Oscuro | Compatible con MagSafe, Cubierta de Control de Cámara, Protección Militar y Caídas, Anti-huellas, Mate Translúcida Delgada",TOCOL,gl_electronics,CELLULAR_PHONE_CASE,298.0,349.0,Anterior:,15.0,14.613180515759314,Promoción,,BEST_DEAL,,False,4.0,55682.0,https://www.amazon.com.mx/TOCOL-iPhone-18-Pro-Protecci%C3%B3n/dp/B0H4KNCZDN,https://m.media-amazon.com/images/I/71qEGRk6jeL.jpg,0.3868194842406858,Electronics,False,51.0,Under $500,2026-09-24T22:23:06.483588+00:00,Amazon Mexico,MXN
52,B0BNTKZ95S,"SONGMICS Estantería Pesada de 5 Niveles, Montaje sin Herramientas | Estantería de Almacenamiento y MDF, 70 x 30 x 150 cm, Negro y Amarillo, Colección COZORY MGLR300B01",SONGMICS,gl_home,SHELF,764.99,899.99,Anterior:,15.0,15.000166668518538,Promoción,,BEST_DEAL,,False,4.0,895.0,https://www.amazon.com.mx/SONGMICS-almacenamiento-tornillos-estanter%C3%ADa-UGLR300B01/dp/B0BNTKZ95S,https://m.media-amazon.com/images/I/716rxAUGPiL.jpg,0.00016666851853841536,Home,False,135.0,$500–999,2026-09-24T22:23:06.483588+00:00,Amazon Mexico,MXN
53,B0CGKFND4Z,B Life Omega 3 Platinum 90 cápsulas con Aceite de Anchoa Salvaje,B Life Company,gl_drugstore,NUTRITIONAL_SUPPLEMENT,377.0,419.0,Precio de lista:,10.0,10.023866348448687,Promoción,,BEST_DEAL,,False,5.0,6836.0,https://www.amazon.com.mx/Platinum-Salvaje-Ingredientes-naturales-Life/dp/B0CGKFND4Z,https://m.media-amazon.com/images/I/51tzto0bXvL.jpg,0.023866348448686736,Drugstore,False,42.0,Under $500,2026-09-24T22:23:06.483588+00:00,Amazon Mexico,MXN
54,B0BNLSL98L,Apple iPhone 14 Pro 128GB Negro Espacial Desbloqueado - Esim (Reacondicionado),Apple,gl_wireless,CELLULAR_PHONE,7983.75,10883.63,Precio de lista:,27.0,26.644419187348333,Promoción,,BEST_DEAL,,False,4.0,2945.0,https://www.amazon.com.mx/Apple-iPhone-128-GB-Espacial-Reacondicionado/dp/B0BNLSL98L,https://m.media-amazon.com/images/I/41al5-lNvML.jpg,0.35558081265166663,Wireless,False,2899.879999999999,"$5,000+",2026-09-24T22:23:06.483588+00:00,Amazon Mexico,MXN
55,B0DFNP97QM,"Amazon Ember 4-Series de 43"" (modelo más reciente): televisión 4K Ultra HD inteligente con Control remoto Alexa, HDR10+, procesador rápido, Dolby Audio, fondo ambiental y TV en vivo gratuita",Amazon,gl_digital_products_21_accessory,DIGITAL_DEVICE_21_ACCESSORY,4899.0,6999.0,Precio de lista:,30.0,30.00428632661809,Promoción,,BEST_DEAL,,False,4.0,174.0,https://www.amazon.com.mx/Fire-TV-Serie-4-43-pulgadas/dp/B0DFNP97QM,https://m.media-amazon.com/images/I/61BTOo8tvCL.jpg,0.0042863266180894755,Digital Products 21 Accessory,False,2100.0,"$2,500–4,999",2026-09-24T22:23:06.483588+00:00,Amazon Mexico,MXN
56,B0GRJTGBZW,"ASUS Chromebook CM14 Escolar y Trabajo/MediaTek Kompanio 540/14"" FHD/8GB RAM-128GB eMMC/Resistencia Militar/ChromeOS/Garantía Oficial México",ASUS,gl_pc,NOTEBOOK_COMPUTER,4998.0,9699.0,Precio de lista:,48.0,48.46891432106403,Promoción,,BEST_DEAL,,False,4.0,7.0,https://www.amazon.com.mx/ASUS-Chromebook-MediaTek-RAM-128GB-Resistencia/dp/B0GRJTGBZW,https://m.media-amazon.com/images/I/51aCKsFdyzL.jpg,0.46891432106402675,Pc,False,4701.0,"$2,500–4,999",2026-09-24T22:23:06.483588+00:00,Amazon Mexico,MXN
57,B0C63GQD81,"Nespresso Cafetera Vertuo POP Negra con Espumador de Leche y 12 cápsulas | Incluye 12 cápsulas y espumador de leche para crear recetas de café inspiradas en cafetería, desde casa.",Nespresso,gl_kitchen,COFFEE_MAKER,2245.0,4490.0,Precio de lista:,50.0,50.0,Promoción,,BEST_DEAL,,False,4.0,349.0,https://www.amazon.com.mx/Nespresso-Cafetera-Sistema-Espumador-Incluye/dp/B0C63GQD81,https://m.media-amazon.com/images/I/71RhMp0q0UL.jpg,0.0,Kitchen,False,2245.0,"$1,000–2,499",2026-09-24T22:23:06.483588+00:00,Amazon Mexico,MXN
58,B0BHTTDBC2,B Life Omega 3 Aceite Puro de Salmón 100 cápsulas,B Life Company,gl_drugstore,NUTRITIONAL_SUPPLEMENT,258.95,299.0,Precio de lista:,13.0,13.394648829431441,Promoción,,BEST_DEAL,,False,5.0,6763.0,https://www.amazon.com.mx/Omega-Salm%C3%B3n-C%C3%A1psulas-Ingredientes-naturales/dp/B0BHTTDBC2,https://m.media-amazon.com/images/I/51TOVyP6LzL.jpg,0.394648829431441,Drugstore,False,40.05000000000001,Under $500,2026-09-24T22:23:06.483588+00:00,Amazon Mexico,MXN
59,B0DFYJ7FM3,"Creality CR Scan Ferret Pro Escáner 3D para Impresión 3D, Escáner de Mano con Escaneo Inalámbrico, Seguimiento Antivibración, Escaneo Rápido a Todo Color, Precisión 0.1mm",Creality,gl_office_product,SCANNER,5598.99,6999.0,Precio de lista:,20.0,20.003000428632664,Promoción,,BEST_DEAL,4.0,False,4.0,10.0,https://www.amazon.com.mx/Creality-Esc%C3%A1ner-3D-Ferret-Pro/dp/B0DFYJ7FM3,https://m.media-amazon.com/images/I/71uQMK5BnOL.jpg,0.0030004286326636986,Office Product,False,1400.0100000000002,"$5,000+",2026-09-24T22:23:06.483588+00:00,Amazon Mexico,MXN
60,B0H4QK64KK,"Wanbo X7 Pro MAX Proyector 4K Portátil, 1500 ANSI, Google TV 14 Oficial, MEMC, Dolby Audio de 20 W, HDR10, HDMI 2.1 eARC, Soporte Ajustable ±15°, Proyector Exterior",Wanbo,gl_home_entertainment,VIDEO_PROJECTOR,7852.95,8923.81,Precio de lista:,12.0,12.000031376732581,Promoción,,BEST_DEAL,,False,5.0,20.0,https://www.amazon.com.mx/Wanbo-X7-Pro-Proyector-Ajustable/dp/B0H4QK64KK,https://m.media-amazon.com/images/I/71Z6h+gWgnL.jpg,3.137673258102325e-05,Home Entertainment,False,1070.8599999999997,"$5,000+",2026-09-24T22:23:06.483588+00:00,Amazon Mexico,MXN
61,B0H431K31P,"Shark CryoGlow Máscara LED Antiedad, Roja, Azul e Infrarroja, Verde | 3 longitudes de onda LED | Reduce ojeras y líneas | Frío terapéutico | Control remoto + USB-C",SHARK,gl_personal_care_appliances,SKIN_TREATMENT_MASK,4899.3,6999.0,Precio de lista:,30.0,30.0,Promoción,,BEST_DEAL,,False,4.0,758.0,https://www.amazon.com.mx/Shark-CryoGlow-M%C3%A1scara-Antiedad-Infrarroja/dp/B0H431K31P,https://m.media-amazon.com/images/I/51lhd4rW5UL.jpg,0.0,Personal Care Appliances,False,2099.7,"$2,500–4,999",2026-09-24T22:23:06.483588+00:00,Amazon Mexico,MXN
62,B07MY2VQC9,Linenspa - Colchoneta de Memory Foam con Gel - Sobrecolchón Refrescante de 7.5 cm - Topper para Colchón - Sensación Suave y Acolchada - Alivia Puntos de Presión - Matrimonial,Linenspa,gl_home,MATTRESS_COVER,1018.69,1564.25,Anterior:,35.0,34.87677800863033,Promoción,,BEST_DEAL,,False,4.0,127667.0,https://www.amazon.com.mx/Linenspa-Sobrecolch%C3%B3n-viscoel%C3%A1stica-infusi%C3%B3n-matrimonial/dp/B07MY2VQC9,https://m.media-amazon.com/images/I/81weVUz+V0L.jpg,0.12322199136966816,Home,False,545.56,"$1,000–2,499",2026-09-24T22:23:06.483588+00:00,Amazon Mexico,MXN
63,B0BT8HWSSK,"EasyWare JUEGO DE RECIPIENTES DE VIDRIO HERMÉTICO, CONTENEDORES Para Alimentos con Tapas Cierre Fácil, Refractarios para Cocina, Horno, Refrigerador Congelador (JUEGO 10 RECIPIENTES (20 PZ))",,gl_kitchen,FOOD_STORAGE_CONTAINER,547.92,689.0,Precio de lista:,20.0,20.47605224963716,Promoción,,BEST_DEAL,,False,5.0,3463.0,https://www.amazon.com.mx/Contenedores-Recipientes-Alimentos-Herm%C3%A9tica-Refrigerador/dp/B0BT8HWSSK,https://m.media-amazon.com/images/I/71h1c2O8WFL.jpg,0.47605224963716,Kitchen,False,141.08000000000004,$500–999,2026-09-24T22:23:06.483588+00:00,Amazon Mexico,MXN
64,B0H7RDDRGF,"KAIGERR 16"" Laptop Gamer RX16, Ryzen 7 H255 (Zen 4) hasta 4.9GHz, Radeon 780M Gráficos, 24GB DDR5 RAM 512GB SSD, WiFi 6, USB-C, Teclado en Español, Carcasa de Metal, Win 11 Pro, Garantía 2 años",KAIGERR,gl_pc,NOTEBOOK_COMPUTER,14999.97,19999.99,Precio de lista:,25.0,25.00011250005626,Termina en,2026-09-25T05:59:59.000Z,BEST_DEAL,,False,4.0,19.0,https://www.amazon.com.mx/KAIGERR-Gr%C3%A1ficos-Teclado-Espa%C3%B1ol-Garant%C3%ADa/dp/B0H7RDDRGF,https://m.media-amazon.com/images/I/71bzrqxYz3L.jpg,0.00011250005626095572,Pc,True,5000.020000000002,"$5,000+",2026-09-24T22:23:06.483588+00:00,Amazon Mexico,MXN
65,B0CR6TN8CT,Emma Colchón Hybrid Lite King Size 200x190cm – Memory Foam & Resortes I Espuma Transpirable y Adaptable I Colchones en Caja I Alivio Dolor de Espalda I 100 Noches de Prueba I 10 Años de Garantía,Emma,gl_furniture,MATTRESS,6998.99,9579.0,Precio de lista:,27.0,26.934022340536597,Promoción,,BEST_DEAL,,False,4.0,458.0,https://www.amazon.com.mx/Emma-Colch%C3%B3n-Hybrid-Lite-200x190cm/dp/B0CR6TN8CT,https://m.media-amazon.com/images/I/61nnjIfO4QL.jpg,0.06597765946340317,Furniture,False,2580.01,"$5,000+",2026-09-24T22:23:06.483588+00:00,Amazon Mexico,MXN
66,B09Y8LJ17S,"Tapo TP-Link TC70, Cámara Wi-Fi de Seguridad Interior,1080P, Cámara IP Domo 360°, Control Remoto de Aplicaciones, Funciona con Alexa",Tapo,gl_camera,SECURITY_CAMERA,399.0,499.0,Precio de lista:,20.0,20.04008016032064,Promoción,,BEST_DEAL,,False,4.0,9311.0,https://www.amazon.com.mx/TP-Link-TC70-Seguridad-Interior-Aplicaciones/dp/B09Y8LJ17S,https://m.media-amazon.com/images/I/41KuE9NipqL.jpg,0.04008016032064177,Camera,False,100.0,Under $500,2026-09-24T22:23:06.483588+00:00,Amazon Mexico,MXN
67,B07R3G66BG,"Luuna Colchón en Caja Matrimonial Blue – Memory Foam Adaptable de 3 Capas con espumas certificadas, tecnología AirCell, firmeza Media, Confort Duradero y Descanso Profundo",,gl_furniture,MATTRESS,5979.0,7989.0,Precio de lista:,25.0,25.15959444235824,Promoción,,BEST_DEAL,,False,4.0,2842.0,https://www.amazon.com.mx/Luuna-BL1002-Matrimonial-certificadas-garantia/dp/B07R3G66BG,https://m.media-amazon.com/images/I/613GE2zddyL.jpg,0.15959444235824094,Furniture,False,2010.0,"$5,000+",2026-09-24T22:23:06.483588+00:00,Amazon Mexico,MXN
68,B0DCBRMVB1,"NORTIV 8 Tenis de Mujer para Correr y Caminar | Zapatos Deportivos, Amortiguación, Malla Transpirable",NORTIV 8,gl_shoes,SHOES,1097.88,1249.0,Precio de lista:,12.0,12.099279423538823,Promoción,,BEST_DEAL,,False,4.0,4556.0,https://www.amazon.com.mx/NORTIV-ActiveBreeze-Zapatillas-Antideslizantes-Transpirable/dp/B0DCBRMVB1,https://m.media-amazon.com/images/I/81EPEuqJd2L.jpg,0.0992794235388228,Shoes,False,151.1199999999999,"$1,000–2,499",2026-09-24T22:23:06.483588+00:00,Amazon Mexico,MXN
69,B0CJ32RCXM,"ELEGOO Filamento PETG Rápido 1.75 4KG Negro/Blanco | Velocidad 30-600mm/s, Precisión Dimensional +/- 0,02mm, Carrete de Filamento, para la Mayoría de Impresoras 3D",ELEGOO,gl_office_product,THERMOPLASTIC_FILAMENT,827.19,939.99,Anterior:,12.0,12.000127660932558,Promoción,,BEST_DEAL,,False,4.0,844.0,https://www.amazon.com.mx/ELEGOO-Filamento-velocidad-dimensional-impresoras/dp/B0CJ32RCXM,https://m.media-amazon.com/images/I/81IVh56midL.jpg,0.0001276609325575606,Office Product,False,112.79999999999995,$500–999,2026-09-24T22:23:06.483588+00:00,Amazon Mexico,MXN
70,B0BXLZXP8D,"Amazon Fire TV Stick 4K Max (modelo más reciente), compatible con Wi-Fi 6E, fondo ambiental",Amazon,gl_digital_devices_4,DIGITAL_DEVICE_4,1199.0,2199.0,Precio de lista:,45.0,45.47521600727604,Promoción,,BEST_DEAL,,False,4.0,4592.0,https://www.amazon.com.mx/nuevo-amazon-fire-tv-stick-4k-max/dp/B0BXLZXP8D,https://m.media-amazon.com/images/I/71B0drJ9K2L.jpg,0.47521600727603897,Digital Devices 4,False,1000.0,"$1,000–2,499",2026-09-24T22:23:06.483588+00:00,Amazon Mexico,MXN
71,B0FYR667KF,COLORDREAMS Colchón Matrimonial Classic Híbrido 18 cm | Pocket Coil + Memory Foam | Firmeza Media | Hipoalergénico y antiácaros | Transpirable | 135x190 cm | Colchones en Caja,,gl_furniture,MATTRESS,2169.0,3099.0,Precio de lista:,30.0,30.009680542110356,Promoción,,BEST_DEAL,,False,4.0,183.0,https://www.amazon.com.mx/COLORDREAMS-Matrimonial-Hipoalerg%C3%A9nico-anti%C3%A1caros-Transpirable/dp/B0FYR667KF,https://m.media-amazon.com/images/I/71L27r4UpiL.jpg,0.009680542110356072,Furniture,False,930.0,"$1,000–2,499",2026-09-24T22:23:06.483588+00:00,Amazon Mexico,MXN
72,B0BL3T49JF,"DJI Mini 3, mini dron con cámara y estabilizador mecánico de 3 ejes | Vídeo 4K HDR, 38 min de tiempo de vuelo, transmisión de vídeo de hasta 10 km, grabación vertical real, regreso automático GPS",DJI,gl_camera,UNMANNED_AERIAL_VEHICLE,5569.0,6269.0,Precio de lista:,11.0,11.166055192215664,Promoción,,BEST_DEAL,,False,4.0,5097.0,https://www.amazon.com.mx/DJI-Mini-Plegable-Grabaci%C3%B3n-Funciones-Inteligentes/dp/B0BL3T49JF,https://m.media-amazon.com/images/I/51QIRyL+TKL.jpg,0.1660551922156639,Camera,False,700.0,"$5,000+",2026-09-24T22:23:06.483588+00:00,Amazon Mexico,MXN
73,B0D12Q82KC,"ELEGOO Saturn 4 Ultra 12K Impresora 3D de Resina, con Nivelación Automática Inteligente, 10"" Pantalla Mono LCD, 150mm/h Velocidad de Impresión Más Rápida, Tamaño de Impresión 8.62x4.84x8.66 Pulgadas",ELEGOO,gl_biss,3D_PRINTER,9731.81,14000.35,Precio de lista:,30.0,30.488809208341227,Promoción,,BEST_DEAL,,False,4.0,235.0,https://www.amazon.com.mx/ELEGOO-Nivelaci%C3%B3n-Autom%C3%A1tica-Inteligente-8-62x4-84x8-66/dp/B0D12Q82KC,https://m.media-amazon.com/images/I/71nq6tmja-L.jpg,0.48880920834122676,Biss,False,4268.540000000001,"$5,000+",2026-09-24T22:23:06.483588+00:00,Amazon Mexico,MXN
74,B0CHS6Z6S7,"ELEGOO Filamento PLA MATE 1.75 4KG Amarillo/Azul Hielo/Rosa/Morado Lavanda | Precisión Dimensional +/- 0.02mm, Carrete de Filamento 3D, para Mayoría Impresoras 3D",ELEGOO,gl_office_product,THERMOPLASTIC_FILAMENT,1135.19,1289.99,Precio de lista:,12.0,12.000093023976927,Promoción,,BEST_DEAL,,False,5.0,2985.0,https://www.amazon.com.mx/ELEGOO-filamento-impresora-dimensional-impresoras/dp/B0CHS6Z6S7,https://m.media-amazon.com/images/I/71B6OoWfJXL.jpg,9.30239769267871e-05,Office Product,False,154.79999999999995,"$1,000–2,499",2026-09-24T22:23:06.483588+00:00,Amazon Mexico,MXN
75,B0H6NMPZC3,Ninja Crispi Pro Freidora Vidrio 6 en 1 1800W 5.6L Azul AS101LAABL | Vidrio sin Tóxicos Resistente a Choques | 5.6L CleanCrisp | MaxCrisp 1800W sin Aceite,Ninja,gl_kitchen,AIR_FRYER,5249.0,6999.0,Precio de lista:,25.0,25.003571938848406,Promoción,,BEST_DEAL,,False,2.0,3.0,https://www.amazon.com.mx/Ninja-Crispi-Freidora-Vidrio-AS101LAABL/dp/B0H6NMPZC3,https://m.media-amazon.com/images/I/61lu5IxXcAL.jpg,0.00357193884840612,Kitchen,False,1750.0,"$5,000+",2026-09-24T22:23:06.483588+00:00,Amazon Mexico,MXN
76,B0C6W8XT6C,"SINGER 4432 - Máquina de coser negra de alta velocidad con kit de accesorios, motor fuerte con potencia de perforación mejorada, 110 aplicaciones de puntadas, marco de metal completo, ojal de 1 paso y",SINGER,gl_home,SEWING_MACHINE,4368.94,5603.99,Precio de lista:,22.0,22.03876166802582,Promoción,,BEST_DEAL,,False,4.0,1113.0,https://www.amazon.com.mx/SINGER-4432-M%C3%A1quina-coser-negra/dp/B0C6W8XT6C,https://m.media-amazon.com/images/I/71B-BuaoUiL.jpg,0.038761668025820484,Home,False,1235.0500000000002,"$2,500–4,999",2026-09-24T22:23:06.483588+00:00,Amazon Mexico,MXN
77,B0D6X7TSRQ,"EasyWare JUMBO - Contenedores de VIDRIO, Recipientes para Alimentos, Tapas Cierre Fácil y Herméticas a prueba de fugas, Cocina, Horno, Refrigerador, Congelador (SET 18 RECIPIENTES JUMBO (36 PCS))",,gl_kitchen,FOOD_STORAGE_CONTAINER,871.19,1399.99,Precio de lista:,38.0,37.77169836927406,Promoción,,BEST_DEAL,,False,5.0,694.0,https://www.amazon.com.mx/EasyWare-JUMBO-Contenedores-Recipientes-Refrigerador/dp/B0D6X7TSRQ,https://m.media-amazon.com/images/I/71VQd7fdvZL.jpg,0.22830163072593734,Kitchen,False,528.8,$500–999,2026-09-24T22:23:06.483588+00:00,Amazon Mexico,MXN
78,B0CXHM5RY2,"UGREEN 25000mAh 200W Nexode Power Bank Carga Rápida Cargador Portátil | 2 USB C y 1 USB A, Pantalla Inteligente TFT, Batería Extena Compatible con MacBook, iPhone 17 16, Xiaomi, Galaxy, iPad",UGREEN,gl_electronics,POWER_BANK,1548.99,2399.0,Precio de lista:,35.0,35.43184660275114,Promoción,,BEST_DEAL,,False,4.0,3295.0,https://www.amazon.com.mx/UGREEN-25000mAh-Powerbank-Inteligente-Compatible/dp/B0CXHM5RY2,https://m.media-amazon.com/images/I/513aAGv+GmL.jpg,0.4318466027511434,Electronics,False,850.01,"$1,000–2,499",2026-09-24T22:23:06.483588+00:00,Amazon Mexico,MXN
79,B0D6F6QGHM,"CWAWZ Cama Ortopédica para Perros Grandes, Lavable,106 cm, Gris Oscuro | Espuma Viscoelástica con Gel Refrescante, Impermeable, Funda Extraíble, Terciopelo Holandés",CWAWZ,gl_pet_products,PET_BED_MAT,1392.29,1746.78,Anterior:,20.0,20.293912227069235,Termina en,2026-09-25T05:59:59.000Z,BEST_DEAL,,False,4.0,3762.0,https://www.amazon.com.mx/CWAWZ-extragrande-viscoel%C3%A1stica-refrescante-impermeable/dp/B0D6F6QGHM,https://m.media-amazon.com/images/I/71Sa5faTkWL.jpg,0.29391222706923514,Pet Products,True,354.49,"$1,000–2,499",2026-09-24T22:23:06.483588+00:00,Amazon Mexico,MXN
80,B08RHD97QY,"TP-Link RE315 Repetidor WiFi de Banda Dual AC1200, hasta 867 Mbps en 5GHz, Cubre hasta 1500 pies Cuadrados y 25 Dispositivos",TP-Link,gl_pc,WIRELESS_SIGNAL_REPEATER,449.0,499.0,Precio de lista:,10.0,10.02004008016032,Promoción,,BEST_DEAL,,False,4.0,43404.0,https://www.amazon.com.mx/TP-Link-RE315-Repetidor-Cuadrados-Dispositivos/dp/B08RHD97QY,https://m.media-amazon.com/images/I/51J4ggOAW4L.jpg,0.020040080160320883,Pc,False,50.0,Under $500,2026-09-24T22:23:06.483588+00:00,Amazon Mexico,MXN
81,B0GSX3XKLC,"Nespresso Cafetera Vertuo Up Blanca a con Espumador de Leche y 12 Cápsulas | Incluye 12 cápsulas y espumador de leche para crear recetas de café inspiradas en cafetería, desde casa.",Nespresso,gl_kitchen,COFFEE_MAKER,4199.4,6990.0,Precio de lista:,40.0,39.92274678111588,Promoción,,BEST_DEAL,,False,5.0,3.0,https://www.amazon.com.mx/Nespresso-Cafetera-Vertuo-Espumador-C%C3%A1psulas/dp/B0GSX3XKLC,https://m.media-amazon.com/images/I/71iUrT5zAzL.jpg,0.07725321888411685,Kitchen,False,2790.6000000000004,"$2,500–4,999",2026-09-24T22:23:06.483588+00:00,Amazon Mexico,MXN
82,B0DQ2VGBH9,RACK & PACK Bicicleta Fija Magnetica Estatica para Spinning Rueda Estilo Madera Soporta 140 Kg Bici Estacionaria con Pantalla Monitor LED Resistencia Ajustable por Imanes Ejercicio en Casa,,gl_sports,STATIONARY_BICYCLE,4588.98,6999.0,Precio de lista:,34.0,34.433776253750544,Promoción,,BEST_DEAL,,False,4.0,33.0,https://www.amazon.com.mx/RACK-PACK-Bicicleta-Estacionaria-Resistencia/dp/B0DQ2VGBH9,https://m.media-amazon.com/images/I/61DL8tMvRvL.jpg,0.43377625375054407,Sports,False,2410.0200000000004,"$2,500–4,999",2026-09-24T22:23:06.483588+00:00,Amazon Mexico,MXN
83,B0FML63T72,"LG Monitor Gaming Curvo Ultragear 34'' (3440 x 1440) 160 Hz WQHD, 34G600A-B.AWM, DisplayPort: HDMI, AMD FreeSync™ Premium",LG,gl_pc,MONITOR,6535.0,7999.0,Precio de lista:,18.0,18.30228778597325,Promoción,,BEST_DEAL,,False,4.0,101.0,https://www.amazon.com.mx/LG-Monitor-Ultragear-34G600A-B-AWM-DisplayPort/dp/B0FML63T72,https://m.media-amazon.com/images/I/612qSytiqvL.jpg,0.3022877859732489,Pc,False,1464.0,"$5,000+",2026-09-24T22:23:06.483588+00:00,Amazon Mexico,MXN
84,B0FBSX1VCM,"Samsung Galaxy Flip7 FE Negro 128GB | Celular Plegable, Cámara FlexCam 50 MP, FlexWindow con Galaxy AI",Samsung,gl_wireless,CELLULAR_PHONE,11999.0,14249.05,Anterior:,16.0,15.79087728655594,Promoción,,BEST_DEAL,,False,5.0,34.0,https://www.amazon.com.mx/SAMSUNG-Galaxy-Flip7-Black-128GB/dp/B0FBSX1VCM,https://m.media-amazon.com/images/I/51gz-qFrOEL.jpg,0.20912271344406008,Wireless,False,2250.0499999999993,"$5,000+",2026-09-24T22:23:06.483588+00:00,Amazon Mexico,MXN
85,B0GNBKR2WY,"Dreamlab Almohada Snow Cloud Pillow 4 Pack| Funda Fría al Tacto, Altura Ajustable, Memory Foam y Microfibras | Firmeza: Media | Hipoalergénica, Certificaciones |4 Piezas Tamaño Estándar (45cm x 64cm)",Dreamlab,gl_home,PILLOW,1247.3,2618.2,Precio de lista:,52.0,52.360400274998085,Promoción,,BEST_DEAL,,False,4.0,7757.0,https://www.amazon.com.mx/Dreamlab-Snow-Cloud-Ajustable-Microfibras/dp/B0GNBKR2WY,https://m.media-amazon.com/images/I/81Uult8cKmL.jpg,0.360400274998085,Home,False,1370.8999999999999,"$1,000–2,499",2026-09-24T22:23:06.483588+00:00,Amazon Mexico,MXN
86,B07ZZM1TQP,"Ninja Licuadora Profesional 1000W 2.1L 4 Velocidades + Pulso BL710WM | Total Crushing Tritura Hielo en Nieve | 1000W, Jarra 2.1L | 4 Vel + Pulso | Apto Lavavajillas",Ninja,gl_kitchen,FOOD_BLENDER,1599.0,2499.0,Precio de lista:,36.0,36.014405762304925,Promoción,,BEST_DEAL,,False,5.0,1909.0,https://www.amazon.com.mx/Ninja-Licuadora-BL710WN-1000-Watts/dp/B07ZZM1TQP,https://m.media-amazon.com/images/I/51HUuSgeKRL.jpg,0.014405762304924963,Kitchen,False,900.0,"$1,000–2,499",2026-09-24T22:23:06.483588+00:00,Amazon Mexico,MXN
87,B08LQPM1GK,ULTRACHEF Sartén con Revestimiento Antiadherente de Piedra de Alemania 100% libre de PFOA. 28cm,ULTRACHEF,gl_kitchen,SAUTE_FRY_PAN,559.0,799.0,Precio de lista:,30.0,30.037546933667088,Promoción,,BEST_DEAL,,False,4.0,7604.0,https://www.amazon.com.mx/Sart%C3%A9n-Master-Revestimiento-Antiadherente-Alemania/dp/B08LQPM1GK,https://m.media-amazon.com/images/I/816WJ7cdfYL.jpg,0.0375469336670875,Kitchen,False,240.0,$500–999,2026-09-24T22:23:06.483588+00:00,Amazon Mexico,MXN
88,B0C5C29B97,"Philips OneBlade Afeitadora y Recortadora Eléctrica de Barba para Hombre | Recorta, perfila y afeita | Corta el vello, no tu piel | Uso seco y húmedo | Incluye peine ajustable 5 en 1 | QP2724/20",PHILIPS,gl_personal_care_appliances,ELECTRIC_SHAVER,599.0,799.0,Precio de lista:,25.0,25.03128911138924,Promoción,,BEST_DEAL,,False,4.0,6107.0,https://www.amazon.com.mx/Recortadora-Perfiladora-Afeitadora-QP2724-20/dp/B0C5C29B97,https://m.media-amazon.com/images/I/71c67+9DWtL.jpg,0.0312891113892384,Personal Care Appliances,False,200.0,$500–999,2026-09-24T22:23:06.483588+00:00,Amazon Mexico,MXN
89,B0CRTHG7BV,Landmark Collection Edredón/Duvet King Size Hotel de Lujo | Down Alternative/Plumón Alternativo | 100% Algodón | Todas Las Temporadas | Sensación Plumas de Ganso | Oeko-Tex,Landmark Collection,gl_home,BLANKET,2030.12,2849.99,Precio de lista:,29.0,28.767469359541607,Termina en,2026-09-25T05:59:59.000Z,BEST_DEAL,,,4.0,266.0,https://www.amazon.com.mx/Landmark-Collection-Alternativo-Temporadas-Edredones/dp/B0CRTHG7BV,https://m.media-amazon.com/images/I/61WryehCdtL.jpg,0.23253064045839267,Home,True,819.8699999999999,"$1,000–2,499",2026-09-24T22:23:06.483588+00:00,Amazon Mexico,MXN
90,B0DB1YCCSC,"Jouica Sujetador sin Aros para Mujer Brasier Cobertura Completa Todos Días | Sin Aros,Sin Varillas,deportivo,bralettes,everyday,push up,sin costuras,comfort support,soporte,superior inalámbrico,seamless",Jouica,gl_apparel,BRA,255.86,427.0,Precio de lista:,40.0,40.07962529274005,Termina en,2026-09-25T05:59:59.000Z,BEST_DEAL,,False,4.0,1035.0,https://www.amazon.com.mx/Jouica-Sujetador-Cobertura-Deportivo-Acolchado/dp/B0DB1YCCSC,https://m.media-amazon.com/images/I/61sVUFviDAL.jpg,0.07962529274004737,Apparel,True,171.14,Under $500,2026-09-24T22:23:06.483588+00:00,Amazon Mexico,MXN
91,B0FY3XZ8S7,"Samsung Galaxy Tab S10 FE+ Plata 128GB con S-Pen, Pantalla 13.1''",Samsung,gl_pc,TABLET_COMPUTER,7999.0,12599.0,Precio de lista:,37.0,36.510834193189936,Promoción,,BEST_DEAL,,False,4.0,89.0,https://www.amazon.com.mx/Samsung-Galaxy-Plata-128GB-Pantalla/dp/B0FY3XZ8S7,https://m.media-amazon.com/images/I/51J7k1m6wiL.jpg,0.48916580681006394,Pc,False,4600.0,"$5,000+",2026-09-24T22:23:06.483588+00:00,Amazon Mexico,MXN
92,B075VX4QVM,"La Roche-Posay Hyalu B5 Suractivated Serum Concentrado Anti-arrugas 30ml | Serum Dermatológico, Anti-arrugas, Rellema y Repara, para Todos Los Tipos de Piel, con Ácido Hialurónico y Vitamina B5",La Roche-Posay,gl_beauty,SKIN_SERUM,708.9,1299.0,Precio de lista:,45.0,45.42725173210162,Promoción,,BEST_DEAL,,False,5.0,32172.0,https://www.amazon.com.mx/Concentrado-Anti-arrugas-Reparador-Rellenador-Hialur%C3%B3nico/dp/B075VX4QVM,https://m.media-amazon.com/images/I/51Ja5o9errL.jpg,0.4272517321016167,Beauty,False,590.1,$500–999,2026-09-24T22:23:06.483588+00:00,Amazon Mexico,MXN
93,B0BXVMDQS9,"Beyond Vitamins | Magnesio Complex | CON 4 MAGNESIOS: Citrato, Glicinato, Gluconato y Óxido de Magnesio| 710 mg Puro por Cápsula | Suplemento Alimenticio Sin Rellenos-60 cápsulas",BEYOND VITAMINS,gl_drugstore,MINERAL_SUPPLEMENT,190.15,399.0,Precio de lista:,52.0,52.343358395989966,Promoción,,BEST_DEAL,,False,5.0,14575.0,https://www.amazon.com.mx/Magnesio-Complex-MAGNESIOS-Cient%C3%ADficos-artificiales-Ingredientes/dp/B0BXVMDQS9,https://m.media-amazon.com/images/I/81AdBjqwLOL.jpg,0.3433583959899664,Drugstore,False,208.85,Under $500,2026-09-24T22:23:06.483588+00:00,Amazon Mexico,MXN
94,B0G2BKN25S,"realme Celular 15 Pro 5G - 12GB RAM 512GB ROM | Snapdragon 7 Gen 4 | Pantalla AMOLED Curva 6.8"" 144Hz 6500 nits | Cámara Triple 50MP | Batería 7000mAh 80W Carga Rápida | IP69 (Plata)",realme,gl_wireless,CELLULAR_PHONE,6990.0,9490.0,Precio de lista:,26.0,26.343519494204426,Termina en,2026-09-25T05:59:59.000Z,BEST_DEAL,,False,4.0,28.0,https://www.amazon.com.mx/realme-Celular-15-Pro-Snapdragon/dp/B0G2BKN25S,https://m.media-amazon.com/images/I/61G-2BWEk4L.jpg,0.3435194942044255,Wireless,True,2500.0,"$5,000+",2026-09-24T22:23:06.483588+00:00,Amazon Mexico,MXN
95,B0DXPXTD87,"ILIFE A30 Pro Robot Aspirador y Trapeador con Autovaciado 10000Pa | Autovaciado 60 días, navegación LiDAR, App/Alexa/control remoto, WiFi 2.4G, cepillo para alfombras, pisos y pelos de mascotas",ILIFE,gl_home,ROBOTIC_VACUUM_CLEANER,4199.0,5998.0,Precio de lista:,30.0,29.993331110370125,Termina en,2026-09-25T05:59:59.000Z,BEST_DEAL,,False,4.0,719.0,https://www.amazon.com.mx/ILIFE-A30-Aspiradora-Autovaciado-Navegaci%C3%B3n/dp/B0DXPXTD87,https://m.media-amazon.com/images/I/71Qr9SxoyOL.jpg,0.006668889629874997,Home,True,1799.0,"$2,500–4,999",2026-09-24T22:23:06.483588+00:00,Amazon Mexico,MXN
96,B0GWLKRWH7,"Soundcore Anker Liberty 5 Pro - Audífonos Inalámbricos Cancelación de Ruido | El chip de IA Anker Thus™ ofrece llamadas nítidas certificadas por Guinness World Records, incluso en entornos ruidosos.",Soundcore,gl_electronics,HEADPHONES,2999.0,3399.0,Precio de lista:,12.0,11.768167107972934,Promoción,,BEST_DEAL,,False,4.0,1200.0,https://www.amazon.com.mx/Soundcore-Anker-Liberty-Pro-Inal%C3%A1mbricos/dp/B0GWLKRWH7,https://m.media-amazon.com/images/I/6130evKVcJL.jpg,0.23183289202706625,Electronics,False,400.0,"$2,500–4,999",2026-09-24T22:23:06.483588+00:00,Amazon Mexico,MXN
97,B0B6DFG1FQ,"Acer Nitro KG241Y Sbiip Monitor Gamer de 23.8 Pulgadas | Negro, 165 Hz, 1 ms, LED",Acer,gl_pc,MONITOR,1997.0,3599.0,Precio de lista:,45.0,44.512364545707136,Promoción,,BEST_DEAL,,False,4.0,4036.0,https://www.amazon.com.mx/Monitor-FreeSync-Premium-Technology-ZeroFrame/dp/B0B6DFG1FQ,https://m.media-amazon.com/images/I/71yo3bmyBnL.jpg,0.4876354542928638,Pc,False,1602.0,"$1,000–2,499",2026-09-24T22:23:06.483588+00:00,Amazon Mexico,MXN
98,B0GXZ236ZM,"Cykov Silla de Oficina ? Reposacabezas Ajustable Lumbar y 90-160? | Reclinable con Reposapi?s, Espalda de Malla Transpirable ? Silla de Computadora para Oficina en Casa o Juegos",CYKOV,gl_furniture,CHAIR,2973.81,3449.81,Precio de lista:,14.0,13.79786133149362,Termina en,2026-09-25T05:59:59.000Z,BEST_DEAL,,False,4.0,413.0,https://www.amazon.com.mx/Oficina-Reposacabezas-Ajustable-Lumbar-90-160/dp/B0GXZ236ZM,https://m.media-amazon.com/images/I/71HGwLa3CiL.jpg,0.20213866850638063,Furniture,True,476.0,"$2,500–4,999",2026-09-24T22:23:06.483588+00:00,Amazon Mexico,MXN
99,B0GH2JKH5L,"Tablet Lenovo Yoga Tab | 11,1"" 3.2K | 12 GB + 256 GB UFS| Android 15 | Tecnologia Snapdragon | Tab Pen Pro + Paquete de Teclado",Lenovo,gl_pc,TABLET_COMPUTER,9799.0,14499.0,Precio de lista:,32.0,32.416028691633905,Termina en,2026-09-25T05:59:59.000Z,BEST_DEAL,,False,5.0,5.0,https://www.amazon.com.mx/Lenovo-Android-Tecnologia-Snapdragon-Paquete/dp/B0GH2JKH5L,https://m.media-amazon.com/images/I/710xuHeS1vL.jpg,0.41602869163390466,Pc,True,4700.0,"$5,000+",2026-09-24T22:23:06.483588+00:00,Amazon Mexico,MXN
100,B0FSNDS6YR,"Samsung Essential Monitor 27"" FHD 100Hz, Panel IPS, Modo Juego, proteccionn Visual, resolucion FHD, Tiempo de Respuesta 5 (GTG), Brillo 200 CD/m LS27D304GALXZX",Samsung,gl_pc,MONITOR,1875.0,2199.0,Precio de lista:,15.0,14.733969986357435,Promoción,,BEST_DEAL,,False,4.0,121.0,https://www.amazon.com.mx/Samsung-Essential-proteccionn-resolucion-Respuesta/dp/B0FSNDS6YR,https://m.media-amazon.com/images/I/51zeFI23LsL.jpg,0.26603001364256507,Pc,False,324.0,"$1,000–2,499",2026-09-24T22:23:06.483588+00:00,Amazon Mexico,MXN
101,B0BV2CHG55,"ELEGOO Filamento PLA 1.75 4KG Negro/Blanco/Rojo/Azul | Precisión Dimensional +/- 0.02mm, Carrete de Filamento 3D, para Mayoría Impresoras 3D",ELEGOO,gl_office_product,THERMOPLASTIC_FILAMENT,1099.99,1249.99,Anterior:,12.0,12.000096000768005,Promoción,,BEST_DEAL,,False,4.0,16203.0,https://www.amazon.com.mx/ELEGOO-Filamento-filamento-dimensional-impresoras/dp/B0BV2CHG55,https://m.media-amazon.com/images/I/71V4bfKoXiL.jpg,9.600076800531099e-05,Office Product,False,150.0,"$1,000–2,499",2026-09-24T22:23:06.483588+00:00,Amazon Mexico,MXN
102,B0F4WDHZPF,"Samsung Monitor Curvo 27 Pulgadas Essential S3, S39GD, FHD, 100Hz",Samsung,gl_pc,MONITOR,2459.0,3099.0,Precio de lista:,21.0,20.651823168764118,Promoción,,BEST_DEAL,,False,4.0,165.0,https://www.amazon.com.mx/Samsung-Monitor-Curvo-Pulgadas-Essential/dp/B0F4WDHZPF,https://m.media-amazon.com/images/I/614u3AKfOPL.jpg,0.3481768312358824,Pc,False,640.0,"$1,000–2,499",2026-09-24T22:23:06.483588+00:00,Amazon Mexico,MXN
103,B0F8VNLX7K,"Yale, Cerradura Ingeligente con Huella de Alta Seguridad, Modelo Julius, Cerrojo Digital",Yale,gl_home_improvement,LOCK,2305.0,3040.0,Precio de lista:,24.0,24.177631578947366,Promoción,,BEST_DEAL,,False,4.0,156.0,https://www.amazon.com.mx/Yale-cerradura-inteligente-digital-seguridad/dp/B0F8VNLX7K,https://m.media-amazon.com/images/I/51-LKN9z-vL.jpg,0.17763157894736636,Home Improvement,False,735.0,"$1,000–2,499",2026-09-24T22:23:06.483588+00:00,Amazon Mexico,MXN
104,B0DCMW8SJV,"INIU Power Bank, Pequeño 20000mAh 22,5W Carga Rapida Bateria Phone Externad | Cable USB C Desmontable, Apto para Avión, Esenciales de Viaje, Bateria Portatil para iPhone 18 17 Pro Samsung iPad etc[Negro]",INIU,gl_electronics,POWER_BANK,569.96,699.99,Precio de lista:,19.0,18.575979656852237,Termina en,2026-09-25T05:59:59.000Z,BEST_DEAL,,False,4.0,32090.0,https://www.amazon.com.mx/INIU-20000mAh-Portatil-Powerbank-Compatible/dp/B0DCMW8SJV,https://m.media-amazon.com/images/I/71KAJRSe5kL.jpg,0.42402034314776316,Electronics,True,130.02999999999997,$500–999,2026-09-24T22:23:06.483588+00:00,Amazon Mexico,MXN
105,B0DT8K6HPT,"ThinkRider X2Max Rodillo Inteligente，2000W, Pendiente 18%, Ant+ y BLE | super silencioso, uso interior. Casete no incluido, compatible con software de ciclismo ZWIFT",,gl_sports,BICYCLE_TRAINER,5199.0,6500.0,Precio de lista:,20.0,20.015384615384615,Promoción,,BEST_DEAL,,False,5.0,42.0,https://www.amazon.com.mx/ThinkRider-Entrenador-Inteligente-Ciclismo-Interiores/dp/B0DT8K6HPT,https://m.media-amazon.com/images/I/618AE719bfL.jpg,0.01538461538461533,Sports,False,1301.0,"$5,000+",2026-09-24T22:23:06.483588+00:00,Amazon Mexico,MXN
106,B0F75LX67H,"Amazon Ember Serie 2 de 32"" con Fire TV (modelo más reciente): televisión HD inteligente con Control remoto Alexa, streaming rápido, Dolby Audio, fondo ambiental y TV en vivo gratuita",Amazon,gl_digital_products_21_accessory,DIGITAL_DEVICE_21_ACCESSORY,3799.0,4299.0,Precio de lista:,12.0,11.630611770179112,Promoción,,BEST_DEAL,,False,4.0,89.0,https://www.amazon.com.mx/Fire-TV-Serie-2-32-pulgadas/dp/B0F75LX67H,https://m.media-amazon.com/images/I/617Q6kvnGfL.jpg,0.36938822982088837,Digital Products 21 Accessory,False,500.0,"$2,500–4,999",2026-09-24T22:23:06.483588+00:00,Amazon Mexico,MXN
107,B0CKLWRYGD,"Dreamlab Neck+ Pillow 2 Pack | Almohada Cervical de Memory Foam con Gel | Hipoalergénica, Ortopédica, Certificada CertiPUR-US, Oeko-Tex Standard 100 | 2 Piezas Tamaño Estándar XL (61cm x 41cm)",Dreamlab,gl_home,BODY_POSITIONER,762.5,1338.0,Precio de lista:,43.0,43.011958146487295,Promoción,,BEST_DEAL,,False,4.0,505.0,https://www.amazon.com.mx/Dreamlab-Neck-Hipoalerg%C3%A9nica-Certificada-CertiPUR-US/dp/B0CKLWRYGD,https://m.media-amazon.com/images/I/61kPdCWRfgL.jpg,0.011958146487295096,Home,False,575.5,$500–999,2026-09-24T22:23:06.483588+00:00,Amazon Mexico,MXN
108,B085NTR26K,"RENPHO Pistola de Masaje Masajeador Muscular Eléctrico de Percusión Massage Gun Pistola Masajeadora Muscular, Espalda Cuello Hombro y relajar el cuerpo, Regalo Para Hombre, Negro",RENPHO,gl_personal_care_appliances,MASSAGER,1392.97,1799.99,Precio de lista:,23.0,22.612347846376924,Promoción,,BEST_DEAL,,False,4.0,33692.0,https://www.amazon.com.mx/Masajeador-El%C3%A9ctrico-Percusi%C3%B3n-Masajeadora-Silencioso/dp/B085NTR26K,https://m.media-amazon.com/images/I/71b-JE4NRfL.jpg,0.38765215362307615,Personal Care Appliances,False,407.02,"$1,000–2,499",2026-09-24T22:23:06.483588+00:00,Amazon Mexico,MXN
109,B0FVFVPVYS,"L'Oréal Paris Hyaluron Tint, Tinta en Sérum para Labios y Mejillas, Hidratación instantánea, Color Duradero y Sensación ligera, Multiusos, Tono 640 Tea Time",L'Oreal Paris,gl_beauty,LIP_COLOR,172.52,279.0,Precio de lista:,38.0,38.16487455197132,Promoción,,BEST_DEAL,,False,4.0,894.0,https://www.amazon.com.mx/Paris-Hidrataci%C3%B3n-instant%C3%A1nea-Sensaci%C3%B3n-Multiusos/dp/B0FVFVPVYS,https://m.media-amazon.com/images/I/51-HVl1CkvL.jpg,0.16487455197132306,Beauty,False,106.47999999999999,Under $500,2026-09-24T22:23:06.483588+00:00,Amazon Mexico,MXN
110,B0FDL3YXCW,TP-Link Archer BE220 Router WiFi7 BE3600 Doble Banda hasta 3.6Gbps - 1 WAN + 4 LAN Gigabit - Latencia Ultrabaja - Cobertura Ampliada - Controles parentales- App Tether - Configura en Minutos,TP-Link,gl_pc,NETWORKING_ROUTER,899.0,1199.0,Precio de lista:,25.0,25.0208507089241,Promoción,,BEST_DEAL,,False,4.0,234.0,https://www.amazon.com.mx/TP-Link-Archer-HomeShield-Compatible-Generaciones/dp/B0FDL3YXCW,https://m.media-amazon.com/images/I/41r9bS-9pGL.jpg,0.020850708924101014,Pc,False,300.0,$500–999,2026-09-24T22:23:06.483588+00:00,Amazon Mexico,MXN
111,B0GCB3Y5ZF,"XIAOMI Curved Gaming Monitor G34WQi 2026 34 Pulgadas Panel VA | WQHD (3440 * 1440) HDR10 180Hz, Amplia Gama de Colores 100% sRGB, AMD Freesync Premium, 1ms MPRT, Altura Ajustable",Xiaomi,gl_pc,MONITOR,5898.0,7499.0,Precio de lista:,21.0,21.34951326843579,Promoción,,BEST_DEAL,,False,4.0,33.0,https://www.amazon.com.mx/XIAOMI-Curved-Monitor-2026-Pulgadas/dp/B0GCB3Y5ZF,https://m.media-amazon.com/images/I/71NL2ats3XL.jpg,0.3495132684357891,Pc,False,1601.0,"$5,000+",2026-09-24T22:23:06.483588+00:00,Amazon Mexico,MXN
112,B0FH39M5BG,"PRINSEL | Carriola y Autoasiento para Bebé | Carriola y Sistemas de Viaje/Paseo | Gold LX | Negro | De 0 Meses a 3 Años, Hasta 18 kg, Fácil Cierre, Asiento Reversible, Portabebé, Amplia Canastilla | Artículos para Bebés - Recién Nacido",,gl_baby_product,STROLLER,3199.9,3849.45,Anterior:,17.0,16.873839119874262,Promoción,,BEST_DEAL,,False,5.0,9.0,https://www.amazon.com.mx/Autoasiento-Reversible-Portabeb%C3%A9-Canastilla-Art%C3%ADculos/dp/B0FH39M5BG,https://m.media-amazon.com/images/I/71aDdcFdmtL.jpg,0.12616088012573812,Baby Product,False,649.5499999999997,"$2,500–4,999",2026-09-24T22:23:06.483588+00:00,Amazon Mexico,MXN
113,B0GDCPBYHF,"UGREEN Nexode Air 65W Cargador Tipo C con 100W Cable USB C Carga Rápida | Con PPS 3.0 60W, Bolsillo Plegable y Portátil, Compatible con Macbook Air, iPhone 18 Pro Max, Duo, Galaxy S26 S25 Ultra, Gris",UGREEN,gl_electronics,CHARGING_ADAPTER,519.0,599.0,Precio de lista:,13.0,13.35559265442404,Promoción,,BEST_DEAL,,False,4.0,1166.0,https://www.amazon.com.mx/UGREEN-Nexode-Cargador-Cable-R%C3%A1pida/dp/B0GDCPBYHF,https://m.media-amazon.com/images/I/61KqUG2LvFL.jpg,0.35559265442404,Electronics,False,80.0,$500–999,2026-09-24T22:23:06.483588+00:00,Amazon Mexico,MXN
114,B0GK1CLMJJ,"KTC Monitor Gaming de 27 Pulgadas, 1440P QHD, Fast IPS, 210Hz, Altavoces Integrados, Antireflejo, 130% sRGB, 1ms (MPRT), Adaptive Sync, Ajuste Ergonómico, Montaje VESA, 27M1",KTC,gl_pc,MONITOR,3419.99,3599.99,Anterior:,5.0,5.0000138889274695,Termina en,2026-09-25T05:59:59.000Z,BEST_DEAL,18.0,False,4.0,726.0,https://www.amazon.com.mx/KTC-Integrados-Antireflejo-Ergon%C3%B3mico-27M1/dp/B0GK1CLMJJ,https://m.media-amazon.com/images/I/71mRwYEn9DL.jpg,1.3888927469452028e-05,Pc,True,180.0,"$2,500–4,999",2026-09-24T22:23:06.483588+00:00,Amazon Mexico,MXN
115,B0DTQDTSL1,Shark Matrix Plus 2 en 1 Aspiradora Robot Self-Empty XL RV2610WAMX | Aspira y Trapea Simultáneo | Base Autovaciable XL | Matrix Clean + Mapeo de Precisión,SHARK,gl_home,ROBOTIC_VACUUM_CLEANER,6399.2,7999.99,Precio de lista:,20.0,20.009900012375013,Promoción,,BEST_DEAL,,False,4.0,40.0,https://www.amazon.com.mx/SHARK-Matrix-Aspiradora-Self-Empty-RV2610WAMX/dp/B0DTQDTSL1,https://m.media-amazon.com/images/I/61627SVGk4L.jpg,0.009900012375013034,Home,False,1600.79,"$5,000+",2026-09-24T22:23:06.483588+00:00,Amazon Mexico,MXN
116,B0GQ33SWXZ,"eufy by Anker C37 Cámara de Seguridad Exterior Wi-Fi Solar 4MP PTZ 360° | Giro 360° + Seguimiento IA, Detecta Humano/Mascota/Vehículo, Panel Solar Flexible, Visión Nocturna Color, Sin Mensualidad",eufy Security,gl_home_improvement,SECURITY_CAMERA,1299.0,1899.0,Precio de lista:,32.0,31.595576619273302,Promoción,,BEST_DEAL,,False,4.0,378.0,https://www.amazon.com.mx/eufy-eufyCam-C%C3%A1mara-Inal%C3%A1mbrica-Exterior/dp/B0GQ33SWXZ,https://m.media-amazon.com/images/I/71O7GjRrb2L.jpg,0.4044233807266977,Home Improvement,False,600.0,"$1,000–2,499",2026-09-24T22:23:06.483588+00:00,Amazon Mexico,MXN
117,B0F53G376S,REALEAD 6 pies Arbol de Olivo Artificial con Ramas Ajustables y Frutos | 180 cm Olivos Artificiales de Interior - Arboles Artificiales Decorativas Hogar para Decorar el Oficina Salón y Entrada,REALEAD,gl_home,ARTIFICIAL_TREE,2429.99,2699.99,Precio de lista:,10.0,10.000037037174213,Promoción,,BEST_DEAL,,False,4.0,584.0,https://www.amazon.com.mx/REALEAD-Artificial-Artificiales-Interior-Decorativas/dp/B0F53G376S,https://m.media-amazon.com/images/I/71WKb95Ds4L.jpg,3.703717421288388e-05,Home,False,270.0,"$1,000–2,499",2026-09-24T22:23:06.483588+00:00,Amazon Mexico,MXN
118,B07FTPX71F,"DJI Neo, dron mini con cámara 4K UHD para adultos | 135 g dron que vuela siguiéndote, despega desde la mano, seguimiento de objetivos, QuickShots (sin control remoto)",DJI,gl_camera,UNMANNED_AERIAL_VEHICLE,2499.0,3599.0,Precio de lista:,31.0,30.564045568213395,Promoción,,BEST_DEAL,,False,4.0,4323.0,https://www.amazon.com.mx/DJI-dron-mini-c%C3%A1mara-adultos/dp/B07FTPX71F,https://m.media-amazon.com/images/I/61OLjd0E3lL.jpg,0.4359544317866053,Camera,False,1100.0,"$1,000–2,499",2026-09-24T22:23:06.483588+00:00,Amazon Mexico,MXN
119,B0DD3QGJ9T,"VIOPY Juego de Sábanas de 4 Piezas para Cama Matrimonial Size,Verde Olivo,Suave y Hipoalergénico,Funda de Cama de Microfibra,Juego de Ropa,Hotel de Calidad Bed Sheets",,gl_home,BED_LINEN_SET,319.0,359.0,Anterior:,11.0,11.142061281337048,Promoción,,BEST_DEAL,,False,4.0,1947.0,https://www.amazon.com.mx/VIOPY-S%C3%A1banas-Matrimonial-Hipoalerg%C3%A9nico-Microfibra/dp/B0DD3QGJ9T,https://m.media-amazon.com/images/I/71Q4hlVOcoL.jpg,0.14206128133704787,Home,False,40.0,Under $500,2026-09-24T22:23:06.483588+00:00,Amazon Mexico,MXN
120,B0GS5YM6NC,"Aspiradora inalámbrica 60KPA 650W 70min, Aspiradora Vertical con Depósito de Polvo de 1.8 L, Pantalla LED, Antienredo Función, para Pelo de Mascotas, Alfombras y Suelos de Madera",,gl_home,VACUUM_CLEANER,2736.99,6514.05,Anterior:,58.0,57.983282289819705,Termina en,2026-09-25T05:59:59.000Z,BEST_DEAL,,False,4.0,477.0,https://www.amazon.com.mx/Aspiradora-inal%C3%A1mbrica-Vertical-Antienredo-Alfombras/dp/B0GS5YM6NC,https://m.media-amazon.com/images/I/710neJGeENL.jpg,0.016717710180294887,Home,True,3777.0600000000004,"$2,500–4,999",2026-09-24T22:23:06.483588+00:00,Amazon Mexico,MXN
121,B0CVR4GWNJ,"RUMBO Set de 3 Maletas ABS Ultra Resistente Tamaños 20”, 24” y 28” con Candado",,gl_luggage,SUITCASE,1999.0,2398.0,Precio de lista:,17.0,16.638865721434527,Promoción,,BEST_DEAL,,False,4.0,4508.0,https://www.amazon.com.mx/RUMBO-Juego-Maletas-R%C3%ADgidas-Piezas/dp/B0CVR4GWNJ,https://m.media-amazon.com/images/I/71JqxhVeAML.jpg,0.36113427856547275,Luggage,False,399.0,"$1,000–2,499",2026-09-24T22:23:06.483588+00:00,Amazon Mexico,MXN
122,B0C1Z4MQF8,"REDTIGER F9 Cámara para Carro 4K Frontal y Trasera 1080P, 5G WiFi, GPS | Cámara Dual, Modo Parking 48H, Grabación en Bucle, Visión Nocturna, Apertura F1.5, Soporta hasta 256GB",REDTIGER,gl_electronics,ONBOARD_CAMERA,1785.03,2599.99,Precio de lista:,31.0,31.34473594129208,Termina en,2026-09-25T05:59:59.000Z,BEST_DEAL,,False,4.0,2555.0,https://www.amazon.com.mx/REDTIGER-4K-Recording-Parking-Control/dp/B0C1Z4MQF8,https://m.media-amazon.com/images/I/71dZG4Lf+4L.jpg,0.34473594129207896,Electronics,True,814.9599999999998,"$1,000–2,499",2026-09-24T22:23:06.483588+00:00,Amazon Mexico,MXN
123,B0FBSP99LX,"De'Longhi Máquina super automática de espreso RIVELIA, molinillo incorporado con contenedor de granos de cafe intercambiable, espumadora automatica, color gris mineral, EXAM44055G",De'Longhi,gl_kitchen,COFFEE_MAKER,20999.3,29999.0,Precio de lista:,30.0,30.000000000000004,Promoción,,BEST_DEAL,,False,4.0,103.0,https://www.amazon.com.mx/DeLonghi-autom%C3%A1tica-incorporado-intercambiable-EXAM44055G/dp/B0FBSP99LX,https://m.media-amazon.com/images/I/71X2Vs72d-L.jpg,3.552713678800501e-15,Kitchen,False,8999.7,"$5,000+",2026-09-24T22:23:06.483588+00:00,Amazon Mexico,MXN
124,B0DY6PMT6D,"XIAOMI Pad 7 Tablet 11.2"" 3.2K 144Hz Snapdragon 7+ Gen3 8GB RAM 256GB Batería 8850mAh HyperOS 2 Versión Global (Gris)",Xiaomi,gl_pc,TABLET_COMPUTER,5850.0,6990.0,Precio de lista:,16.0,16.30901287553648,Promoción,,BEST_DEAL,,False,4.0,242.0,https://www.amazon.com.mx/XIAOMI-Snapdragon-Bater%C3%ADa-8850mAh-HyperOS/dp/B0DY6PMT6D,https://m.media-amazon.com/images/I/71smDnrlgwL.jpg,0.3090128755364816,Pc,False,1140.0,"$5,000+",2026-09-24T22:23:06.483588+00:00,Amazon Mexico,MXN
125,B0FG832NGV,"KTC Monitor Curvo Ultrapanorámico Gaming de 34 Pulgadas 21:9, 3440x1440P 180Hz 1ms, Panel Curvo 1500R, 2 x HDMI 2.0 & 2 x DP1.4, Ajuste de Altura/Inclinación/Giro/Pivote, H34S18S",KTC,gl_pc,MONITOR,4319.99,4999.0,Precio de lista:,14.0,13.582916583316667,Termina en,2026-09-25T05:59:59.000Z,BEST_DEAL,68.0,False,4.0,84.0,https://www.amazon.com.mx/KTC-Monitor-Ultrapanor%C3%A1mico-Gaming-Pulgadas/dp/B0FG832NGV,https://m.media-amazon.com/images/I/71Vrgq4DopL.jpg,0.41708341668333304,Pc,True,679.0100000000002,"$2,500–4,999",2026-09-24T22:23:06.483588+00:00,Amazon Mexico,MXN
126,B0829CJPGN,"WATERWIPES, Toallitas Húmedas Originales para Bebés, Limpieza y Comodidad, Hipoalergénicas, 12 Paquetes Incluidos",WaterWipes,gl_drugstore,SKIN_CLEANING_WIPE,749.0,899.0,Precio de lista:,17.0,16.68520578420467,Promoción,,BEST_DEAL,,False,5.0,5753.0,https://www.amazon.com.mx/WATERWIPES-Toallitas-Originales-Comodidad-Hipoalerg%C3%A9nicas/dp/B0829CJPGN,https://m.media-amazon.com/images/I/71jVy5hB0mL.jpg,0.31479421579533096,Drugstore,False,150.0,$500–999,2026-09-24T22:23:06.483588+00:00,Amazon Mexico,MXN
127,B0CLBFPNDN,"L'Oréal Paris Panorama Máscara de Pestañas Voluminizadora, Ojos Hasta 1.4 Veces Visiblemente Más Grandes, Mirada Panorámica, Cepillo de Silicona, Negro A Prueba de Agua",L'Oreal Paris,gl_beauty,MASCARA,207.0,349.0,Precio de lista:,41.0,40.68767908309456,Promoción,,BEST_DEAL,,False,4.0,9718.0,https://www.amazon.com.mx/LOr%C3%A9al-Paris-pesta%C3%B1as-voluminizadora-visiblemente/dp/B0CLBFPNDN,https://m.media-amazon.com/images/I/61EZL1Z4GxL.jpg,0.31232091690544195,Beauty,False,142.0,Under $500,2026-09-24T22:23:06.483588+00:00,Amazon Mexico,MXN
128,B0CLVJ43GY,"BabyBjörn Silla Mecedora para Bebé Bliss, Tejido, Acolchado pétalo, Gris claro",BabyBjörn,gl_baby_product,BABY_SEAT,2889.59,4500.0,Precio de lista:,36.0,35.78688888888888,Promoción,,BEST_DEAL,,False,4.0,94.0,https://www.amazon.com.mx/BabyBj%C3%B6rn-Bouncer-Bliss-edred%C3%B3n-p%C3%A9talos/dp/B0CLVJ43GY,https://m.media-amazon.com/images/I/51f692PC+dL.jpg,0.21311111111111813,Baby Product,False,1610.4099999999999,"$2,500–4,999",2026-09-24T22:23:06.483588+00:00,Amazon Mexico,MXN
129,B0D3TMS8DF,"ELEGOO Mars 5 Ultra 9K Impresora 3D de Resina, Nivelación Automática Inteligente, 3D Printer Detección Inteligente, WiFi Transferencia, Tamaño de Impresión 6.04 x 3.06 x 6.49 Pulgadas",ELEGOO,gl_biss,3D_PRINTER,6426.0,8924.98,Precio de lista:,28.0,27.99983865510062,Promoción,,BEST_DEAL,,False,4.0,376.0,https://www.amazon.com.mx/ELEGOO-nivelaci%C3%B3n-autom%C3%A1tica-inteligente-transferencia/dp/B0D3TMS8DF,https://m.media-amazon.com/images/I/71wIBEsqFZL.jpg,0.00016134489937869034,Biss,False,2498.9799999999996,"$5,000+",2026-09-24T22:23:06.483588+00:00,Amazon Mexico,MXN
130,B0GTZMH3VJ,"Aspiradora inalambrica, 650 W/60 KPA/70 minutos para el hogar con aspirador autoportante, antienredos, sin cable, visualización inteligente y aspiradora inalámbrica de 1.8 L para pelo de mascotas",,gl_home,VACUUM_CLEANER,2806.01,5212.19,Precio de lista:,46.0,46.16447213167593,Termina en,2026-09-25T05:59:59.000Z,BEST_DEAL,,False,5.0,541.0,https://www.amazon.com.mx/inalambrica-autoportante-antienredos-visualizaci%C3%B3n-inteligente/dp/B0GTZMH3VJ,https://m.media-amazon.com/images/I/71wdrRfNPcL.jpg,0.16447213167592878,Home,True,2406.1799999999994,"$2,500–4,999",2026-09-24T22:23:06.483588+00:00,Amazon Mexico,MXN
131,B01GV78SIG,"Affective Protector para Cubrir Superficies CoverPro, 60 cm x 90 cm, 128 Piezas",,gl_drugstore,FURNITURE_COVER,688.0,1227.45,Precio de lista:,44.0,43.948837019837875,Promoción,,BEST_DEAL,,False,4.0,1092.0,https://www.amazon.com.mx/Affective-Protector-Cubrir-Superficies-CoverPro/dp/B01GV78SIG,https://m.media-amazon.com/images/I/61-ZArppQjL.jpg,0.05116298016212539,Drugstore,False,539.45,$500–999,2026-09-24T22:23:06.483588+00:00,Amazon Mexico,MXN
132,B0H81YP36X,"Devoko Escritorio Elevable Eléctrico, Negro, 120 x 60cm | Mesa Ajuste de Altura con Botón de Memoria, Escritorio de Pie , Para Oficina en Casa",Devoko,gl_furniture,DESK,2184.05,2499.0,Precio de lista:,13.0,12.603041216486588,Termina en,2026-09-25T05:59:59.000Z,BEST_DEAL,,False,5.0,6.0,https://www.amazon.com.mx/Devoko-Escritorio-Elevable-El%C3%A9ctrico-Negro/dp/B0H81YP36X,https://m.media-amazon.com/images/I/71TZDvj4SnL.jpg,0.3969587835134121,Furniture,True,314.9499999999998,"$1,000–2,499",2026-09-24T22:23:06.483588+00:00,Amazon Mexico,MXN
133,B0CZ9RC3LP,"Maybelline Gel para cejas transparente SuperLock, 7ml - Cejas laminadas hasta por 24H, a prueba de sudor y transferencias, sin sensación pegajosa, sin grumos",MAYBELLINE,gl_beauty,EYEBROW_COLOR,138.0,229.0,Precio de lista:,40.0,39.737991266375545,Promoción,,BEST_DEAL,,False,4.0,5910.0,https://www.amazon.com.mx/Maybelline-para-cejas-transparente-SuperLock/dp/B0CZ9RC3LP,https://m.media-amazon.com/images/I/51-zh6BRz9L.jpg,0.2620087336244552,Beauty,False,91.0,Under $500,2026-09-24T22:23:06.483588+00:00,Amazon Mexico,MXN
134,B0GVRZ59ZY,"Supine Home Sofá Cama Individual Plegable 3 en 1, Cómodo Sofá(Negro) | Sillón Convertible con Relleno de Espuma y Cojín, Memory Foam, Corduroy Suave para Sala, Recámara y Oficina",,gl_furniture,CHAIR,2278.09,2599.0,Anterior:,12.0,12.34744132358599,Termina en,2026-09-25T05:59:59.000Z,BEST_DEAL,43.0,False,4.0,19.0,https://www.amazon.com.mx/Supine-Home-Individual-Plegable-C%C3%B3modo/dp/B0GVRZ59ZY,https://m.media-amazon.com/images/I/81xW3eIvNNL.jpg,0.3474413235859899,Furniture,True,320.90999999999985,"$1,000–2,499",2026-09-24T22:23:06.483588+00:00,Amazon Mexico,MXN
135,B08C6CC4CB,B Life Vitamina D3 400 UI + K2 con 320 Softgels,B Life Company,gl_drugstore,VITAMIN,404.1,449.0,Precio de lista:,10.0,9.999999999999995,Promoción,,BEST_DEAL,,False,5.0,5330.0,https://www.amazon.com.mx/Vitamina-absorsi%C3%B3n-Vitaminas-Ingredientes-naturales/dp/B08C6CC4CB,https://m.media-amazon.com/images/I/61vVU7CprUL.jpg,5.329070518200751e-15,Drugstore,False,44.89999999999998,Under $500,2026-09-24T22:23:06.483588+00:00,Amazon Mexico,MXN
136,B0G6HLWS6Q,"Sony WF-1000XM6 los Mejores Auriculares inalámbricos con cancelación de Ruido, Auriculares intrauditivos Bluetooth, Sonido de Calidad de Estudio, hasta 24 Horas de batería, Color Negro",Sony,gl_electronics,HEADPHONES,4456.4,6299.0,Precio de lista:,29.0,29.25226226385141,Promoción,,BEST_DEAL,,False,4.0,736.0,https://www.amazon.com.mx/Sony-Auriculares-inal%C3%A1mbricos-cancelaci%C3%B3n-intrauditivos/dp/B0G6HLWS6Q,https://m.media-amazon.com/images/I/510BLsOyvIL.jpg,0.25226226385141004,Electronics,False,1842.6000000000004,"$2,500–4,999",2026-09-24T22:23:06.483588+00:00,Amazon Mexico,MXN
137,B08V9Q6X12,"Garnier Express Aclara Sérum Anti-Manchas Concentrado con Vitamina C, 30 ml | Sérum facial que hidrata, ilumina y unifica el tono de la piel, mientras controla la oleosidad para un efecto mate duradero.",,gl_beauty,SKIN_SERUM,135.0,225.01,Precio de lista:,40.0,40.002666548153414,Promoción,,BEST_DEAL,,False,4.0,34127.0,https://www.amazon.com.mx/Garnier-Skin-Active-Express-vitamina/dp/B08V9Q6X12,https://m.media-amazon.com/images/I/41Bu6I3Sc4L.jpg,0.002666548153413828,Beauty,False,90.00999999999999,Under $500,2026-09-24T22:23:06.483588+00:00,Amazon Mexico,MXN
138,B0BVDDTV22,"Fire TV Cube (modelo más reciente): Dispositivo de streaming controlado por voz con Alexa, Wi-Fi 6E y 4K Ultra HD",Amazon,gl_digital_devices_4,DIGITAL_DEVICE_4,2099.0,3999.0,Precio de lista:,48.0,47.511877969492375,Promoción,,BEST_DEAL,,False,4.0,369.0,https://www.amazon.com.mx/presentamos-fire-tv-cube/dp/B0BVDDTV22,https://m.media-amazon.com/images/I/81ukFU7oBoL.jpg,0.4881220305076255,Digital Devices 4,False,1900.0,"$1,000–2,499",2026-09-24T22:23:06.483588+00:00,Amazon Mexico,MXN
139,B07WT2WC6G,"Deyllo - Brasier Push Up de Encaje para Mujer, Sujetador con Aros y Relleno Suave, Aumenta Una Talla de Copa, Realce y Cobertura Total",,gl_apparel,BRA,593.99,659.99,Precio de lista:,10.0,10.000151517447234,Termina en,2026-09-25T05:59:59.000Z,BEST_DEAL,,False,4.0,17718.0,https://www.amazon.com.mx/Deyllo-Brasier-Encaje-Acolchado-Levantamiento/dp/B07WT2WC6G,https://m.media-amazon.com/images/I/81AxvBkQ89L.jpg,0.00015151744723418403,Apparel,True,66.0,$500–999,2026-09-24T22:23:06.483588+00:00,Amazon Mexico,MXN
140,B0H9Q53HG4,"PIZZ ANNU Sandalias de Tacón Mujer Cómodas Punta Abierta Tacón Bajo Grueso con Correa al Tobillo y Hebilla, Zapatos de Fiesta, Vestir y Boda",PIZZ ANNU,gl_shoes,SANDAL,719.99,799.99,Anterior:,10.0,10.00012500156252,Promoción,,BEST_DEAL,,False,4.0,2297.0,https://www.amazon.com.mx/PIZZ-ANNU-Sandalias-C%C3%B3modas-Abierta/dp/B0H9Q53HG4,https://m.media-amazon.com/images/I/61c0VhZzXXL.jpg,0.00012500156251959993,Shoes,False,80.0,$500–999,2026-09-24T22:23:06.483588+00:00,Amazon Mexico,MXN
141,B08Z82RPK2,"WALI Soporte Doble Monitor, hasta 32 Pulgadas y 10 kg, Negro (GSMP002N) | Brazo Para Monitor ErgonóMico Ajustable, Inclinable, Giratorio Y Rotativo, Ahorro De Espacio, Soporte Vesa 75 & 100mm",WALI,gl_electronics,FLAT_SCREEN_DISPLAY_MOUNT,859.05,1099.0,Precio de lista:,22.0,21.83348498635123,Termina en,2026-09-25T05:59:59.000Z,BEST_DEAL,,False,4.0,5100.0,https://www.amazon.com.mx/WALI-totalmente-escritorio-abrazadera-GSMP002/dp/B08Z82RPK2,https://m.media-amazon.com/images/I/61Sjl1l+tyL.jpg,0.16651501364876964,Electronics,True,239.95000000000005,$500–999,2026-09-24T22:23:06.483588+00:00,Amazon Mexico,MXN
142,B0CRM814QK,"Dreamlab Edredón Duvet Acolchado, King Sobredimensionado, Blanco | Down alternative, Hipoalergénico, Cubierta anti-arrugas, Toda estacion, Lavable a máquina, Apto para funda duvet",Dreamlab,gl_home,BLANKET,934.15,1099.0,Precio de lista:,15.0,15.000000000000002,Promoción,,BEST_DEAL,,False,4.0,6680.0,https://www.amazon.com.mx/Dreamlab-Microfibras-Recubiertas-Hipoalerg%C3%A9nico-Sobredimensionado/dp/B0CRM814QK,https://m.media-amazon.com/images/I/71DULI1vpFL.jpg,1.7763568394002505e-15,Home,False,164.85000000000002,$500–999,2026-09-24T22:23:06.483588+00:00,Amazon Mexico,MXN
143,B0DXPT143R,"XPPen Magic Note Pad: 6GB+128GB Tablet Android 14 8000mAh 16K Lápiz | Es un cuaderno digital, y una tableta perfecta para leer e-books, navegar en internet, tres modos de visualización",XP-Pen,gl_electronics,ELECTRONIC_BOOK_READER,6159.0,9829.0,Precio de lista:,37.0,37.33848814731916,Termina en,2026-09-25T05:59:59.000Z,BEST_DEAL,,False,4.0,106.0,https://www.amazon.com.mx/XPPen-Magic-Note-Pad-Electr%C3%B3nicos/dp/B0DXPT143R,https://m.media-amazon.com/images/I/71SPxorftbL.jpg,0.3384881473191612,Electronics,True,3670.0,"$5,000+",2026-09-24T22:23:06.483588+00:00,Amazon Mexico,MXN
144,B0FZPT6XYM,"Cámara para exteriores 2K Ring inalámbrica (último modelo): seguridad para tu casa o negocio, video Retinal 4K de gran angular, zoom 6x mejorado, visión nocturna (negro)",Ring,gl_digital_products_9_accessory,VDO_DEVICES,949.0,2149.0,Precio de lista:,56.0,55.83992554676593,Promoción,,BEST_DEAL,,False,4.0,53.0,https://www.amazon.com.mx/C%C3%A1mara-para-exteriores-Ring-paquete-de-1-negro/dp/B0FZPT6XYM,https://m.media-amazon.com/images/I/51ImGWCHqHL.jpg,0.160074453234067,Digital Products 9 Accessory,False,1200.0,$500–999,2026-09-24T22:23:06.483588+00:00,Amazon Mexico,MXN
145,B0GZ318KSG,"Kitchen in the Box Batidora de Pedestal, 3.5L Amasadora para Repostería | 10 Vel., Batidora Planetaria, 3 en 1 Compacta para 1–2 Personas, Eléctrica Amasadora para Principiantes, Negro",Kitchen in the box,gl_kitchen,FOOD_MIXER,1399.98,1999.99,Precio de lista:,30.0,30.00065000325002,Promoción,,BEST_DEAL,,False,5.0,9.0,https://www.amazon.com.mx/Kitchen-Batidora-Pedestal-Amasadora-Reposter%C3%ADa/dp/B0GZ318KSG,https://m.media-amazon.com/images/I/713FVpDtmDL.jpg,0.0006500032500191821,Kitchen,False,600.01,"$1,000–2,499",2026-09-24T22:23:06.483588+00:00,Amazon Mexico,MXN
146,B0FW6CXBLZ,"Samsung Monitor Odyssey LS27FG702ELXZX G7 27'', 4K, 180Hz, LS27FG702ELXZX, Panel VA, Tiempo de Respuesta de 0.01ms (GtG), FreeSync Premium",Samsung,gl_pc,MONITOR,9199.0,11599.0,Precio de lista:,21.0,20.69143891714803,Promoción,,BEST_DEAL,,False,5.0,9.0,https://www.amazon.com.mx/Samsung-3840x2160-LS27FG702ELXZX-Respuesta-FreeSync/dp/B0FW6CXBLZ,https://m.media-amazon.com/images/I/71pICMuWicL.jpg,0.3085610828519698,Pc,False,2400.0,"$5,000+",2026-09-24T22:23:06.483588+00:00,Amazon Mexico,MXN
147,B0G2XG9WL8,"NORTIV 8 Botas Seguridad Hombre Puntera Compuesta | Calzado Trabajo, Amortiguado, Cremallera Lateral",NORTIV 8,gl_shoes,BOOT,1218.88,1399.0,Precio de lista:,13.0,12.87491065046461,Promoción,,BEST_DEAL,,False,4.0,575.0,https://www.amazon.com.mx/NORTIV-Seguridad-Hombre-Puntera-Compuesta/dp/B0G2XG9WL8,https://m.media-amazon.com/images/I/81AcKrqZX5L.jpg,0.12508934953538997,Shoes,False,180.1199999999999,"$1,000–2,499",2026-09-24T22:23:06.483588+00:00,Amazon Mexico,MXN
148,B0D7QVPQPW,SimilacTotal Comfort 2 Fórmula Baja en Lactosa Pack 2x800g | Fórmula Etapa 2 para niños de 1 a 3 años con necesidades especiales de nutrición con proteína parcialmente hidrolizada,Similac,gl_drugstore,BABY_FORMULA,940.18,1253.58,Precio de lista:,25.0,25.00039885767163,Promoción,,BEST_DEAL,,False,4.0,58.0,https://www.amazon.com.mx/Similac-Comfort-F%C3%B3rmula-Infantil-Lactosa/dp/B0D7QVPQPW,https://m.media-amazon.com/images/I/61wzXuRRVnL.jpg,0.00039885767163028163,Drugstore,False,313.4,$500–999,2026-09-24T22:23:06.483588+00:00,Amazon Mexico,MXN
149,B0DTTMYBRH,"Polaroid Now 3ª generación de cámara instantánea Tipo I + Paquete de película, Ahora cámara Negra + 16 Fotos en Color (6560)",Polaroid,gl_camera,CAMERA_FILM,2692.63,3167.8,Precio de lista:,15.0,15.000000000000002,Promoción,,BEST_DEAL,,False,4.0,1272.0,https://www.amazon.com.mx/Polaroid-generaci%C3%B3n-instant%C3%A1nea-Paquete-pel%C3%ADcula/dp/B0DTTMYBRH,https://m.media-amazon.com/images/I/71ctreAHYdL.jpg,1.7763568394002505e-15,Camera,False,475.1700000000001,"$2,500–4,999",2026-09-24T22:23:06.483588+00:00,Amazon Mexico,MXN
150,B0F358NBFP,Ninja Freidora de Aire Pro XL 6.5QT 6 en 1 Max Crisp Gris AF181LAA | MaxCrisp 230°C sin Aceite | 6.5QT Cocina Hasta 4kg | 6 Funciones | Apto Lavavajillas,Ninja,gl_kitchen,AIR_FRYER,2849.0,3999.99,Precio de lista:,29.0,28.77482193705484,Promoción,,BEST_DEAL,,False,4.0,21.0,https://www.amazon.com.mx/Ninja-Freidora-Aire-6-5QT-Crisp/dp/B0F358NBFP,https://m.media-amazon.com/images/I/515CHu9w7dL.jpg,0.22517806294516163,Kitchen,False,1150.9899999999998,"$2,500–4,999",2026-09-24T22:23:06.483588+00:00,Amazon Mexico,MXN
151,B0GN4KKYBZ,"ULTRACHEF Bateria de Cocina Antiadherentes Master Stone Gris 12 Piezas | 100% libre de PFOA, Piedra de Alemania, Incluye Sartén 20, 24, 28 cm/ Olla 18, 24 cm/ Separadores / Utencilios",ULTRACHEF,gl_kitchen,COOKWARE_SET,2499.0,3147.0,Precio de lista:,21.0,20.59103908484271,Promoción,,BEST_DEAL,,False,4.0,25.0,https://www.amazon.com.mx/ULTRACHEF-Bateria-Cocina-Antiadherentes-Master/dp/B0GN4KKYBZ,https://m.media-amazon.com/images/I/81M0nBkFw0L.jpg,0.4089609151572908,Kitchen,False,648.0,"$1,000–2,499",2026-09-24T22:23:06.483588+00:00,Amazon Mexico,MXN
152,B09ML1499B,"HUAWEI Watch Kids 4 Pro (GPS)(Garantía en México) - Smartwatch, Reloj Inteligente, Pantalla AMOLED 1.41'', 8GB ROM, Cámara Frontal 5MP, Touch Screen, Bluetooth, Compatible con Android & iOS, Rosa",HUAWEI,gl_wireless,WEARABLE_COMPUTER,2299.0,3999.0,Precio de lista:,43.0,42.51062765691423,Promoción,,BEST_DEAL,,False,4.0,1473.0,https://www.amazon.com.mx/HUAWEI-Watch-Kids-Pro-Inteligente/dp/B09ML1499B,https://m.media-amazon.com/images/I/61s8q2Rg0LL.jpg,0.48937234308576905,Wireless,False,1700.0,"$1,000–2,499",2026-09-24T22:23:06.483588+00:00,Amazon Mexico,MXN
153,B0CQSNXLJR,"Wavytalk Cepillo Térmico de 1.5 Pulgadas para un Aspecto de Soplado | Doble Voltaje, Rosa, Sakura, Cerámica de Turmalina, Tecnología de Iones Negativos, 5 Ajustes de Temperatura, Menos Daño",wavytalk,gl_personal_care_appliances,HAIR_IRON,999.0,1299.0,Precio de lista:,23.0,23.094688221709006,Promoción,,BEST_DEAL,,False,4.0,6995.0,https://www.amazon.com.mx/Wavytalk-turmalina-tecnolog%C3%ADa-negativos-temperatura/dp/B0CQSNXLJR,https://m.media-amazon.com/images/I/61QfCr+64wL.jpg,0.09468822170900637,Personal Care Appliances,False,300.0,$500–999,2026-09-24T22:23:06.483588+00:00,Amazon Mexico,MXN
154,B0CBVB1GLR,"Elegoo 8K Resina Impresora 3D, 1KG 3D Est?ndar de Uv 405nm para Impresora | 3D Saturn 2 3 3 Ultra 4 4 Ultra, Mars 4 4 Ultra, 1000G Color Vainilla",ELEGOO,gl_home_improvement,THERMOPLASTIC_FILAMENT,499.99,1000.0,Precio de lista:,50.0,50.001,Promoción,,BEST_DEAL,,False,5.0,9648.0,https://www.amazon.com.mx/ELEGOO-Resina-Impresora-Est%C3%A1ndar-Vainilla/dp/B0CBVB1GLR,https://m.media-amazon.com/images/I/71ydR7b0y8L.jpg,0.0009999999999976694,Home Improvement,False,500.01,Under $500,2026-09-24T22:23:06.483588+00:00,Amazon Mexico,MXN
155,B0CRTYZG5C,"Soundcore by Anker P30i Audífonos Inalámbricos - Negro | 45h de Reproducción, Carga Rápida, Cancelación de Ruido Activa, Llamadas Claras, Bluetooth 5.4, Diseño Soporte para Teléfono",Soundcore,gl_electronics,HEADPHONES,537.98,999.0,Precio de lista:,46.0,46.148148148148145,Promoción,,BEST_DEAL,,False,4.0,41606.0,https://www.amazon.com.mx/Soundcore-Auriculares-Reducci%C3%B3n-Adaptativo-Excepcional/dp/B0CRTYZG5C,https://m.media-amazon.com/images/I/51o-AcAQWgL.jpg,0.14814814814814525,Electronics,False,461.02,$500–999,2026-09-24T22:23:06.483588+00:00,Amazon Mexico,MXN
156,B0GG9QKJLW,"JRFYHFT Aspiradora inalambrica 55KPA 650W 70Mins, Aspiradora Vertical con Taza Antipolvo de 1.8 L/Pantalla LED/Antienredos, para Pelo de Mascotas, Alfombras, Suelos de Madera(Morado)",,gl_home,VACUUM_CLEANER,2849.98,3999.99,Precio de lista:,29.0,28.750321875804687,Termina en,2026-09-25T05:59:59.000Z,BEST_DEAL,,False,5.0,1256.0,https://www.amazon.com.mx/JRFYHFT-Aspiradora-inalambrica-Antipolvo-Antienredos/dp/B0GG9QKJLW,https://m.media-amazon.com/images/I/7131GLrKeIL.jpg,0.249678124195313,Home,True,1150.0099999999998,"$2,500–4,999",2026-09-24T22:23:06.483588+00:00,Amazon Mexico,MXN
157,B0BJGT1L64,B Life Glicinato de Magnesio Puro con 120 cápsulas,B Life Company,gl_drugstore,NUTRITIONAL_SUPPLEMENT,234.98,289.0,Precio de lista:,19.0,18.692041522491355,Promoción,,BEST_DEAL,,False,5.0,3301.0,https://www.amazon.com.mx/Glicinato-Magnesio-Ingredientes-naturales-Glycinate/dp/B0BJGT1L64,https://m.media-amazon.com/images/I/510xKqQquwL.jpg,0.30795847750864525,Drugstore,False,54.02000000000001,Under $500,2026-09-24T22:23:06.483588+00:00,Amazon Mexico,MXN
158,B0899WXR2Y,"Dreamlab Cubrecolchón Impermeable Matrimonial 135x190x45 cm | 100% impermeable bloquea líquidos, sudor y derrames. Hipoalergénico y antiácaros. Ultra suave y silencioso. Ajuste hasta 45cm",Dreamlab,gl_home,MATTRESS_COVER,349.0,398.0,Precio de lista:,12.0,12.311557788944723,Promoción,,BEST_DEAL,,False,4.0,7827.0,https://www.amazon.com.mx/Dreamlab-Protector-Impermeable-hipoalerg%C3%A9nico-Matrimonial/dp/B0899WXR2Y,https://m.media-amazon.com/images/I/51gUCLVjJBL.jpg,0.3115577889447234,Home,False,49.0,Under $500,2026-09-24T22:23:06.483588+00:00,Amazon Mexico,MXN
159,B0DSGN7ZGH,"XIAOMI Watch S4 con GPS, iOS & Android, Modo Deportivo Avanzado, Rainbow | Pantalla AMOLED de 1.43'', Hasta 10 días de Batería, 150+ Modos Deportivos, Monitor Frecuencia Cardíaca y Sueño",Xiaomi,gl_wireless,WEARABLE_COMPUTER,2299.0,2829.0,Anterior:,19.0,18.734535171438672,Promoción,,BEST_DEAL,,False,4.0,2880.0,https://www.amazon.com.mx/XIAOMI-Watch-Smartwatch-Rainbow-Intercambiable/dp/B0DSGN7ZGH,https://m.media-amazon.com/images/I/71Z90ZCFZZL.jpg,0.2654648285613277,Wireless,False,530.0,"$1,000–2,499",2026-09-24T22:23:06.483588+00:00,Amazon Mexico,MXN
160,B0CXLT4NLS,"MXNUP Monitor Bebé 5 Pulgadas, Monitor para Bebe con Cámara | Visión Nocturna Infrarroja, Monitoreo de Temperatura, Audio Bidireccional, Canciones de Cuna, Encriptación Digital",,gl_baby_product,SECURITY_CAMERA,1199.2,1499.0,Precio de lista:,20.0,20.0,Promoción,,BEST_DEAL,,False,4.0,335.0,https://www.amazon.com.mx/MXNUP-Encriptaci%C3%B3n-Temperatura-Comunicaci%C3%B3n-Bidireccional/dp/B0CXLT4NLS,https://m.media-amazon.com/images/I/61CjoJwzpfL.jpg,0.0,Baby Product,False,299.79999999999995,"$1,000–2,499",2026-09-24T22:23:06.483588+00:00,Amazon Mexico,MXN
161,B0GS94P63X,"Hisense televisión U6S Pantalla 55“ Pulgadas,Mini-LED 4K AI Smart TV,144Hz Nativos，Procesador Hi-View AI，IMAX Enhanced,Subwoofer Integrado,Vidaa TV【Patrocinador Oficial de FIFA World Cup 2026™】",Hisense,gl_home_entertainment,TELEVISION,9490.0,15899.0,Precio de lista:,40.0,40.31071136549468,Promoción,,BEST_DEAL,,False,4.0,137.0,https://www.amazon.com.mx/Hisense-televisi%C3%B3n-Nativos%EF%BC%8CProcesador-Subwoofer-TV%E3%80%90Patrocinador/dp/B0GS94P63X,https://m.media-amazon.com/images/I/81laathJ3xL.jpg,0.3107113654946829,Home Entertainment,False,6409.0,"$5,000+",2026-09-24T22:23:06.483588+00:00,Amazon Mexico,MXN
162,B0F48WNR88,"Philips OneBlade Pro Afeitadora y Recortadora Eléctrica Face&Body Hombre | Recorta, perfila y afeita | Corta el vello, no tu piel | Uso seco y húmedo | Accesorios para cara y cuerpo | QP6542/10",PHILIPS,gl_personal_care_appliances,ELECTRIC_SHAVER,1169.0,1569.0,Precio de lista:,25.0,25.493945188017847,Promoción,,BEST_DEAL,,False,4.0,440.0,https://www.amazon.com.mx/Philips-OneBlade-longitudes-QP6542-10/dp/B0F48WNR88,https://m.media-amazon.com/images/I/71FGNwBo2uL.jpg,0.4939451880178467,Personal Care Appliances,False,400.0,"$1,000–2,499",2026-09-24T22:23:06.483588+00:00,Amazon Mexico,MXN
163,B0FNG9BDYM,"Proyector portátil Epson Lifestudio™ Pop EF61 Blanco Cálido Full HD portátil con Sonido Bose, App Epson Projection Studio y Google TV Integrado, tecnología Triple Core Engine",Epson,gl_home_entertainment,VIDEO_PROJECTOR,9999.0,14499.0,Precio de lista:,31.0,31.036623215394165,Promoción,,BEST_DEAL,,False,5.0,20.0,https://www.amazon.com.mx/Proyector-Epson-LifestudioTM-Projection-tecnolog%C3%ADa/dp/B0FNG9BDYM,https://m.media-amazon.com/images/I/51JeWpofWsL.jpg,0.03662321539416524,Home Entertainment,False,4500.0,"$5,000+",2026-09-24T22:23:06.483588+00:00,Amazon Mexico,MXN
164,B0DN62GHGS,"DREAM PAIRS Flats de Mary Jane para Mujer | Ballerinas Zapatos Planos para Dama, Punta Redonda, Hebilla, Moda, Ligeras, Elegantes",DREAM PAIRS,gl_shoes,SHOES,473.0,799.0,Precio de lista:,41.0,40.80100125156446,Promoción,,BEST_DEAL,,False,4.0,256.0,https://www.amazon.com.mx/DREAM-PAIRS-Ballerinas-Zapatos-DWUMFA2529/dp/B0DN62GHGS,https://m.media-amazon.com/images/I/71iGnK+yJnL.jpg,0.19899874843554244,Shoes,False,326.0,Under $500,2026-09-24T22:23:06.483588+00:00,Amazon Mexico,MXN
165,B07KDKX88N,AVERA Calentador de Agua Instantáneo Gas LP 16 L 3.5 Servicios C16L,,gl_home_improvement,WATER_HEATER,3369.0,4699.0,Precio de lista:,28.0,28.30389444562673,Promoción,,BEST_DEAL,,False,4.0,1426.0,https://www.amazon.com.mx/Calentador-agua-instant%C3%A1neo-servicios-AVERA/dp/B07KDKX88N,https://m.media-amazon.com/images/I/51FlU6pq0oL.jpg,0.3038944456267316,Home Improvement,False,1330.0,"$2,500–4,999",2026-09-24T22:23:06.483588+00:00,Amazon Mexico,MXN
166,B0FYFDD1WW,"UGREEN Nexode Pro 160W Cargador USB Tipo C con Pantalla Inteligente | Puerto único Max 140W, Carga Rápida, 5 Puertos, Compatible con Macbook, XPS, iPad Pro, iPhone 18 Pro Max/17, Galaxy S26 Ultra",UGREEN,gl_electronics,CHARGING_ADAPTER,1196.04,1799.0,Precio de lista:,34.0,33.51639799888827,Promoción,,BEST_DEAL,,False,4.0,332.0,https://www.amazon.com.mx/UGREEN-Nexode-Cargador-Pantalla-Inteligente/dp/B0FYFDD1WW,https://m.media-amazon.com/images/I/51NMLU5nJBL.jpg,0.483602001111727,Electronics,False,602.96,"$1,000–2,499",2026-09-24T22:23:06.483588+00:00,Amazon Mexico,MXN
167,B0BZB2PY5T,B Life Myo y D-Chiro Inositol en Polvo 65 Porciones con Ratio 40:1,B Life Company,gl_drugstore,NUTRITIONAL_SUPPLEMENT,673.1,749.0,Precio de lista:,10.0,10.133511348464616,Promoción,,BEST_DEAL,,False,4.0,2509.0,https://www.amazon.com.mx/Myo-D-Chiro-Inositol-Gramos-Mezcla/dp/B0BZB2PY5T,https://m.media-amazon.com/images/I/51+NgRN2XZL.jpg,0.13351134846461576,Drugstore,False,75.89999999999998,$500–999,2026-09-24T22:23:06.483588+00:00,Amazon Mexico,MXN
168,B099CMX4GV,"ULTRACHEF Licuadora Profesional 2000W, Vaso Tritán Resistente 1.8L | Trituradora de Hielo | Ideal para Smoothies, Jugos y Salsas, Velocidad Ajustable + Pulso, Libre de BPA, Negro",ULTRACHEF,gl_kitchen,FOOD_BLENDER,1699.86,2899.0,Precio de lista:,41.0,41.36391859261815,Promoción,,BEST_DEAL,,False,4.0,1118.0,https://www.amazon.com.mx/ULTRACHEF-Ultrachef-Licuadora-Profesional/dp/B099CMX4GV,https://m.media-amazon.com/images/I/71UQ8GcSF-L.jpg,0.3639185926181483,Kitchen,False,1199.14,"$1,000–2,499",2026-09-24T22:23:06.483588+00:00,Amazon Mexico,MXN
169,B0GMHBMQG4,"HONEYWHALE E2 Scooter Eléctrico Niño 15KM/H-8KM Patin Eléctrico Niña | Bluetooth con Música, Luces LED Multicolor, Freno Electrónico y de Pie, Diversión al Aire Libre, Regalo para Niños 6-12 Años",HONEYWHALE,gl_sports,KICK_SCOOTER,2549.0,3799.0,Precio de lista:,33.0,32.90339563042906,Termina en,2026-09-25T05:59:59.000Z,BEST_DEAL,,False,4.0,59.0,https://www.amazon.com.mx/HONEYWHALE-E2-Scooter-El%C3%A9ctrico-H-8KM/dp/B0GMHBMQG4,https://m.media-amazon.com/images/I/61XByWbvU1L.jpg,0.09660436957094021,Sports,True,1250.0,"$2,500–4,999",2026-09-24T22:23:06.483588+00:00,Amazon Mexico,MXN
170,B0CRDM1HV2,"ELEGOO Resina 3D ABS-Like 3.0 Gris 2000g | 2000g ABS-Like 3.0 Pro, alta tenacidad, resistencia a tracción, para Saturn/Jupiter/Mars/Photon",ELEGOO,gl_home_improvement,MECHANICAL_COMPONENTS,879.99,999.99,Anterior:,12.0,12.000120001200013,Promoción,,BEST_DEAL,,False,4.0,866.0,https://www.amazon.com.mx/ELEGOO-ABS-Like-Impresora-Fotopol%C3%ADmero-Contracci%C3%B3n/dp/B0CRDM1HV2,https://m.media-amazon.com/images/I/61JOrAJ-8NL.jpg,0.00012000120001331993,Home Improvement,False,120.0,$500–999,2026-09-24T22:23:06.483588+00:00,Amazon Mexico,MXN
171,B0D9M9C9QP,"LASPANG Guirnalda de Luces LED Exterior G40, 10 m, 15+1 Focos para Jardín | Focos inastillables de luz cálida 2700 K, diseño conectable e IP44 para jardín, patio, terraza y fiestas.",,gl_home,STRING_LIGHT,166.5,,,10.0,,Termina en,2026-09-25T05:59:59.000Z,BEST_DEAL,,False,4.0,1471.0,https://www.amazon.com.mx/Guirnalda-Inastillable-Impermeables-Decorativas-iluminaci%C3%B3n/dp/B0D9M9C9QP,https://m.media-amazon.com/images/I/714X2GyANgL.jpg,,Home,True,,Under $500,2026-09-24T22:23:06.483588+00:00,Amazon Mexico,MXN
172,B0G1D35BLL,"L'Oréal Paris Infallible 24H Fresh Wear Base de Maquillaje en Cushion, Alta Cobertura con Acabado Mate, 24H Larga Duración y Control de Brillo, Tono 140",L'Oreal Paris,gl_beauty,SKIN_FOUNDATION_CONCEALER,265.85,469.0,Precio de lista:,43.0,43.31556503198294,Promoción,,BEST_DEAL,,False,4.0,83.0,https://www.amazon.com.mx/Paris-Infallible-Maquillaje-Cobertura-Duraci%C3%B3n/dp/B0G1D35BLL,https://m.media-amazon.com/images/I/61mVyaNQaHL.jpg,0.31556503198294195,Beauty,False,203.14999999999998,Under $500,2026-09-24T22:23:06.483588+00:00,Amazon Mexico,MXN
173,B06X93NFHY,"Extractor Spectra 9 Plus Portátil | Spectra Extractor de Leche Electrico Doble, Batería Recargable | Extractor Grado Hospitalario | Sacaleches Electrico Sistema Cerrado | Kit Extracción Leche Materna",Spectra,gl_personal_care_appliances,BREAST_PUMP,3199.2,3999.0,Precio de lista:,20.0,20.000000000000004,Promoción,,BEST_DEAL,,False,4.0,399.0,https://www.amazon.com.mx/Extractor-Hospitalario-Extracci%C3%B3n-El%C3%A9ctrico-Incluida/dp/B06X93NFHY,https://m.media-amazon.com/images/I/61jww+kDTLL.jpg,3.552713678800501e-15,Personal Care Appliances,False,799.8000000000002,"$2,500–4,999",2026-09-24T22:23:06.483588+00:00,Amazon Mexico,MXN
174,B0F2SX1JHJ,"OTTOCAST Mini 2025 Adaptador automatico inalámbrico CarPlay/Android 2 en 1,WiFi de 5 GHz,conexión automática para Coches 2016+",OTTOCAST,gl_electronics,WIRELESS_AUDIO_ADAPTER,434.0,1050.0,Precio de lista:,59.0,58.666666666666664,Termina en,2026-09-25T05:59:59.000Z,BEST_DEAL,,False,4.0,2151.0,https://www.amazon.com.mx/OTTOCAST-Adaptador-automatico-inal%C3%A1mbrico-autom%C3%A1tica/dp/B0F2SX1JHJ,https://m.media-amazon.com/images/I/71Ihe+tdskL.jpg,0.3333333333333357,Electronics,True,616.0,Under $500,2026-09-24T22:23:06.483588+00:00,Amazon Mexico,MXN
175,B0CG2VF5NV,"Cámara para interiores con movimiento Ring (Pan-Tilt Indoor Cam) | Ve todos los ángulos con vista panorámica de 360°, video HD y audio bidireccional (modelo más reciente) | Blanco",Ring,gl_digital_products_9_accessory,VDO_DEVICES,599.0,1349.0,Precio de lista:,56.0,55.59673832468495,Promoción,,BEST_DEAL,,False,4.0,946.0,https://www.amazon.com.mx/C%C3%A1mara-Ring-para-interiores-con-inclinaci%C3%B3n-y-vista-panor%C3%A1mica-en-color-blanco/dp/B0CG2VF5NV,https://m.media-amazon.com/images/I/51OEg8NFjbL.jpg,0.40326167531505064,Digital Products 9 Accessory,False,750.0,$500–999,2026-09-24T22:23:06.483588+00:00,Amazon Mexico,MXN
176,B0DYNGVVPY,"GOHOMKIC Corralito para Bebé, Juego de Parque Infantil, Parque para Bebés | 10 Bolas Oceánicas, Aro de Baloncesto, Anillos de Tracción, Bolsa de Almacenamiento, Malla Suave y Transpirable, Anticaída",,gl_baby_product,PLAYARD,1349.1,1499.0,Anterior:,10.0,10.000000000000005,Promoción,,BEST_DEAL,,False,4.0,330.0,https://www.amazon.com.mx/GOHOMKIC-Corralito-Baloncesto-Almacenamiento-Transpirable/dp/B0DYNGVVPY,https://m.media-amazon.com/images/I/711QC8we6uL.jpg,5.329070518200751e-15,Baby Product,False,149.9000000000001,"$1,000–2,499",2026-09-24T22:23:06.483588+00:00,Amazon Mexico,MXN
177,B0FY1B5DF1,"MXNUP Cuna Colecho para Bebé 3 en 1, Plegable y Ajustable - Marrón | Con Mosquitera, Cesta de Almacenamiento y Colchón, 6 Alturas Ajustables, Portátil y Plegable, para Recién Nacidos",,gl_furniture,BASSINET,2375.98,2699.99,Precio de lista:,12.0,12.000414816351164,Promoción,,BEST_DEAL,,False,4.0,62.0,https://www.amazon.com.mx/MXNUP-Mosquitera-Almacenamiento-Colchones-Ajustables/dp/B0FY1B5DF1,https://m.media-amazon.com/images/I/71fyOf2TXZL.jpg,0.00041481635116369375,Furniture,False,324.00999999999976,"$1,000–2,499",2026-09-24T22:23:06.483588+00:00,Amazon Mexico,MXN
178,B0FH6PB552,"Dubinik® Camisas para Hombre Manga Larga Cuadros Bolsillos Casual | Tela Cómoda Y Transpirable,Doble Bolsillo En Pecho,Cierre De Botones,Uso Todo El Año,Corte Regular,Para Trabajo",Dubinik,gl_apparel,SHIRT,647.99,719.99,Anterior:,10.0,10.000138890817928,Termina en,2026-09-25T05:59:59.000Z,BEST_DEAL,,False,4.0,383.0,https://www.amazon.com.mx/Dubinik%C2%AE-Camisas-Cuadros-Pr%C3%A1cticos-Bolsillos/dp/B0FH6PB552,https://m.media-amazon.com/images/I/71BpK52s31L.jpg,0.00013889081792761715,Apparel,True,72.0,$500–999,2026-09-24T22:23:06.483588+00:00,Amazon Mexico,MXN
179,B0FTT9WMD9,Maybelline Serum Lipstick Labial en Barra Hidratante Mate Wild Card,MAYBELLINE,gl_beauty,LIP_COLOR,141.0,219.0,Precio de lista:,36.0,35.61643835616438,Promoción,,BEST_DEAL,,False,4.0,2830.0,https://www.amazon.com.mx/Maybelline-Serum-Lipstick-Labial-Hidratante/dp/B0FTT9WMD9,https://m.media-amazon.com/images/I/51i0FTSOckL.jpg,0.38356164383561975,Beauty,False,78.0,Under $500,2026-09-24T22:23:06.483588+00:00,Amazon Mexico,MXN
180,B0CGCVYM17,"UGREEN Transmisor y Receptor Inalámbrico HDMI 4K 30HZ, 5G/2.4G,164FT/50M, | Transmisión Inalámbrica para Ordenador Portátil/Cámara/TV Box/DVD/TIKTOK/Neflix",UGREEN,gl_electronics,AV_RECEIVER,1922.0,2999.0,Precio de lista:,36.0,35.91197065688563,Promoción,,BEST_DEAL,,False,4.0,157.0,https://www.amazon.com.mx/UGREEN-Transmisor-Inal%C3%A1mbrico-Transmisi%C3%B3n-Inal%C3%A1mbrica/dp/B0CGCVYM17,https://m.media-amazon.com/images/I/618tuNdVpoL.jpg,0.08802934311437127,Electronics,False,1077.0,"$1,000–2,499",2026-09-24T22:23:06.483588+00:00,Amazon Mexico,MXN
181,B0GQ9QBHFW,"27'' PC All In One, PC de Computadora, Intel Core i5-3470, 16GB+512GB | Wi-Fi de Doble Banda, Bluetooth Windows con Teclado Ratón, Alfombrilla de Ratón, Cámara y Micrófono",,gl_pc,PERSONAL_COMPUTER,8399.99,10999.0,Precio de lista:,24.0,23.62951177379762,Promoción,,BEST_DEAL,,False,4.0,4.0,https://www.amazon.com.mx/27-PC-All-One-Computadora/dp/B0GQ9QBHFW,https://m.media-amazon.com/images/I/71UFYnbF8NL.jpg,0.3704882262023794,Pc,False,2599.01,"$5,000+",2026-09-24T22:23:06.483588+00:00,Amazon Mexico,MXN
182,B0G86NVFL5,LG Pantalla 55 Pulgadas QNED AI QNED73 4K Smart TV webOS 2025,LG,gl_home_entertainment,TELEVISION,7999.0,12999.0,Precio de lista:,38.0,38.46449726902069,Promoción,,BEST_DEAL,,False,4.0,103.0,https://www.amazon.com.mx/LG-Pantalla-Pulgadas-QNED73-Smart/dp/B0G86NVFL5,https://m.media-amazon.com/images/I/7165en2N0hL.jpg,0.4644972690206899,Home Entertainment,False,5000.0,"$5,000+",2026-09-24T22:23:06.483588+00:00,Amazon Mexico,MXN
183,B0BCW4YMR8,"NIIMBOT B1 - Impresora de etiquetas portátil Bluetooth con identificación automática, fácil de usar para oficina, hogar, negocios, con etiqueta/rollo de 5 x 3 cm (azul)",NIIMBOT,gl_office_product,PRINTER,569.98,799.0,Precio de lista:,29.0,28.663329161451813,Promoción,,BEST_DEAL,,False,4.0,10608.0,https://www.amazon.com.mx/NIIMBOT-Fabricante-etiquetas-identificaci%C3%B3n-autom%C3%A1tica/dp/B0BCW4YMR8,https://m.media-amazon.com/images/I/61tb+065o5L.jpg,0.33667083854818713,Office Product,False,229.01999999999998,$500–999,2026-09-24T22:23:06.483588+00:00,Amazon Mexico,MXN
184,B0H4ZG39CY,"TAURI Mica de Pantalla Completa para iPhone 18 Pro max - 2 Unidades | con Instalación en Un Solo Paso Sin Polvo, Protector de Vidrio Templado, Resistente a Rasguños, Compatible con Funda",TAURI,gl_wireless,SCREEN_PROTECTOR,236.55,,,5.0,,Termina en,2026-09-25T05:59:59.000Z,BEST_DEAL,,False,4.0,27451.0,https://www.amazon.com.mx/TAURI-Pantalla-iPhone-18-Pro/dp/B0H4ZG39CY,https://m.media-amazon.com/images/I/81AO3ZR1CxL.jpg,,Wireless,True,,Under $500,2026-09-24T22:23:06.483588+00:00,Amazon Mexico,MXN
185,B0FJF4W1DP,"YUDSKU Catres Plegables para Dormir Adultos 188cm x 71cm x 49cm Negro | Catre Plegable Individual con Cojines de Algodón, Camastros para Exterior 300KG Resiste hasta, para Camping y Oficina",,gl_furniture,FURNITURE,1098.99,1299.0,Precio de lista:,15.0,15.397228637413393,Termina en,2026-09-25T05:59:59.000Z,BEST_DEAL,,False,4.0,148.0,https://www.amazon.com.mx/YUDSKU-Catres-Plegables-Almacenamiento-Individual/dp/B0FJF4W1DP,https://m.media-amazon.com/images/I/61+F4pyeOiL.jpg,0.3972286374133933,Furniture,True,200.01,"$1,000–2,499",2026-09-24T22:23:06.483588+00:00,Amazon Mexico,MXN
186,B0CV4S9LHL,"Dubinik® Camisa Vaquera Hombre De Trabajo Western Boton Presion Manga Larga | CláSsica, BotõEs De PressãO, 2 Bolsos Com Caneta; Leve E RespiráVel Para Trabalho, Trilha Ou Camping; 55% AlgodãO.",Dubinik,gl_apparel,SHIRT,629.99,699.99,Anterior:,10.0,10.000142859183702,Termina en,2026-09-25T05:59:59.000Z,BEST_DEAL,,False,4.0,213.0,https://www.amazon.com.mx/Dubinik%C2%AE-Vaquera-Trabajo-Camisas-Western/dp/B0CV4S9LHL,https://m.media-amazon.com/images/I/91pbPhd2DmL.jpg,0.0001428591837022708,Apparel,True,70.0,$500–999,2026-09-24T22:23:06.483588+00:00,Amazon Mexico,MXN
187,B01GV78P7K,"Affective Active Ropa Interior para Adultos, Unisex, Talla Grande, 60 piezas",,gl_drugstore,INCONTINENCE_PROTECTOR,648.0,720.0,Anterior:,10.0,10.0,Promoción,,BEST_DEAL,,False,4.0,399.0,https://www.amazon.com.mx/Affective-Interior-Adultos-Unisex-Grande/dp/B01GV78P7K,https://m.media-amazon.com/images/I/61wsgkH2ibL.jpg,0.0,Drugstore,False,72.0,$500–999,2026-09-24T22:23:06.483588+00:00,Amazon Mexico,MXN
188,B0CS34QTN5,JARGOU 3 en 1 Estación de Carga inalámbrica para Phone 17 16 15 14 13 12 11 X 8 Estación de Carga para múltiples Dispositivos para Watch 11/10/9/8/7/6/5/4/3/2/SE/Ultra/Ultra 2/Ultra 3 para AirPods,JARGOU,gl_electronics,CHARGING_ADAPTER,527.99,599.99,Precio de lista:,12.0,12.000200003333388,Termina en,2026-09-25T05:59:59.000Z,BEST_DEAL,,False,4.0,6413.0,https://www.amazon.com.mx/JARGOU-Estaci%C3%B3n-inal%C3%A1mbrica-m%C3%BAltiples-Dispositivos/dp/B0CS34QTN5,https://m.media-amazon.com/images/I/61BVMc7WWRL.jpg,0.00020000333338821008,Electronics,True,72.0,$500–999,2026-09-24T22:23:06.483588+00:00,Amazon Mexico,MXN
189,B0H8QCC3JB,Jacks Daniels Tennesse Whiskey Zarzamora 700 ml,JACKDANIEL'S,gl_wine,SPIRITS,395.0,545.0,Precio de lista:,28.0,27.522935779816514,Promoción,,BEST_DEAL,,False,5.0,2.0,https://www.amazon.com.mx/Jacks-Daniels-Tennesse-Whiskey-Zarzamora/dp/B0H8QCC3JB,https://m.media-amazon.com/images/I/51xx24zxawL.jpg,0.47706422018348604,Wine,False,150.0,Under $500,2026-09-24T22:23:06.483588+00:00,Amazon Mexico,MXN
190,B0DK1T2G3F,"NANWEI Persianas Enrollables 100% Blackout, Free Stop, Cortinas Desplegables, Cortinas Tejidas con Aislamiento, Adecuadas para el hogar y la Oficina (Gris, 160An x 180Al cm)",NANWEI,gl_home,WINDOW_SHADE,689.31,999.0,Anterior:,31.0,31.000000000000007,Promoción,,BEST_DEAL,,False,4.0,160.0,https://www.amazon.com.mx/NANWEI-Persianas-Enrollables-Desplegables-Aislamiento/dp/B0DK1T2G3F,https://m.media-amazon.com/images/I/51rdStGKxnL.jpg,7.105427357601002e-15,Home,False,309.69000000000005,$500–999,2026-09-24T22:23:06.483588+00:00,Amazon Mexico,MXN
191,B0B9GMY45N,"Accesorio de Bidé BIGCOW Ultra Delgado y Fresco, Cromado | No Eléctrico, Boquillas Dobles, Presión de Agua Ajustable, Lavado Frontal y Posterior, Entrada de Acero Inoxidable",BIGCOW,gl_home_improvement,PLUMBING_FIXTURE,594.15,839.89,Precio de lista:,29.0,29.258593387229283,Termina en,2026-09-25T05:59:59.000Z,BEST_DEAL,,False,4.0,16661.0,https://www.amazon.com.mx/Bigcow-Delgado-Boquilla-ctrica-Lavado/dp/B0B9GMY45N,https://m.media-amazon.com/images/I/61UcPubq-TL.jpg,0.2585933872292827,Home Improvement,True,245.74,$500–999,2026-09-24T22:23:06.483588+00:00,Amazon Mexico,MXN
192,B0F5Q7BSML,"COOFANDY - Camisa de manga corta con botones para hombre, estilo informal de verano y playa",COOFANDY,gl_apparel,SHIRT,531.93,591.03,Anterior:,10.0,9.999492411552717,Promoción,,BEST_DEAL,,False,4.0,6364.0,https://www.amazon.com.mx/COOFANDY-Camisa-botones-informal-5X-Large/dp/B0F5Q7BSML,https://m.media-amazon.com/images/I/71wUTtZJ79L.jpg,0.0005075884472827141,Apparel,False,59.10000000000002,$500–999,2026-09-24T22:23:06.483588+00:00,Amazon Mexico,MXN
193,B0DQ196WLW,"OBSBOT Meet SE 1080P 100FPS Webcam para PC, AI Framing Streaming Cámara con 1/2.8» CMOS, Modo de Belleza, Control de Gestos, Staggered HDR, Cámara Web para PC, Juegos, Reuniones (Gris Espacial)",OBSBOT,gl_electronics,CAMERA,1081.52,1499.0,Precio de lista:,28.0,27.85056704469647,Termina en,2026-09-25T05:59:59.000Z,BEST_DEAL,,False,4.0,1766.0,https://www.amazon.com.mx/OBSBOT-SE-Streaming-Staggered-Reuniones/dp/B0DQ196WLW,https://m.media-amazon.com/images/I/51l9ajtA25L.jpg,0.1494329553035314,Electronics,True,417.48,"$1,000–2,499",2026-09-24T22:23:06.483588+00:00,Amazon Mexico,MXN
194,B0BX8QKD8P,REALEAD 6 pies Árbol de Olivo Artificial con Ramas y Frutos Cobran Vida,REALEAD,gl_home,ARTIFICIAL_TREE,1529.99,1699.99,Anterior:,10.0,10.000058823875435,Termina en,2026-09-25T05:59:59.000Z,BEST_DEAL,,False,4.0,1163.0,https://www.amazon.com.mx/REALEAD-sint%C3%A9tico-artificiales-decoraci%C3%B3n-interior/dp/B0BX8QKD8P,https://m.media-amazon.com/images/I/7163fh7oXYL.jpg,5.882387543465484e-05,Home,True,170.0,"$1,000–2,499",2026-09-24T22:23:06.483588+00:00,Amazon Mexico,MXN
195,B091Z6JNX4,"UGREEN Nexode 100W Cargador USB Tipo C GAN con 4 Puertos, Negro | PD3.1 100W Admite, Carga Rápida, Carga Multidispositivo, Compatible con Macbook iPhone 18 Pro Max/Duo/17 Pro/Air, Galaxy S26",UGREEN,gl_electronics,CHARGING_ADAPTER,649.0,1199.0,Precio de lista:,46.0,45.87155963302752,Promoción,,BEST_DEAL,,False,4.0,11487.0,https://www.amazon.com.mx/UGREEN-multipuerto-adaptador-corriente-compatible/dp/B091Z6JNX4,https://m.media-amazon.com/images/I/518UDlJ7vYL.jpg,0.12844036697247674,Electronics,False,550.0,$500–999,2026-09-24T22:23:06.483588+00:00,Amazon Mexico,MXN
196,B0FJLYLB28,"Drenaje de Piso de Baño Acero Inoxidable: Coladera de Desagüe Lineal Exterior, Coladera Antiolor para Regadera, Drenaje Ducha Barra Larga SUS304，Tapadera Desmontable, para Baño Aseo Cocina (6.8*80)",,gl_home,DRAIN_STRAINER,694.32,789.0,Precio de lista:,12.0,11.999999999999995,Promoción,,BEST_DEAL,,False,4.0,20.0,https://www.amazon.com.mx/Drenaje-Piso-Ba%C3%B1o-Acero-Inoxidable/dp/B0FJLYLB28,https://m.media-amazon.com/images/I/61bj+XIx+VL.jpg,5.329070518200751e-15,Home,False,94.67999999999995,$500–999,2026-09-24T22:23:06.483588+00:00,Amazon Mexico,MXN
197,B09YVGD2ZP,Aspiradora Midea Multiusos 3 en 1; EST2A2BB; Función Multi-usos 3 En 1,EUREKA,gl_home,VACUUM_CLEANER,613.0,809.0,Precio de lista:,24.0,24.2274412855377,Promoción,,BEST_DEAL,,False,4.0,47097.0,https://www.amazon.com.mx/EUREKA-EST2A2BB-Aspiradora-Giratorio-Ligero/dp/B09YVGD2ZP,https://m.media-amazon.com/images/I/31BeWkxxRJL.jpg,0.22744128553770082,Home,False,196.0,$500–999,2026-09-24T22:23:06.483588+00:00,Amazon Mexico,MXN
198,B0GF6G2W7Q,"ELEGOO Filamento PLA Mate Refill 1.75 Blanco 4KG | Filamento para Impresora 3D sin Bobina, Precisión Dimensional +/- 0.02mm, Recarga de para Bobinas Reutilizables",ELEGOO,gl_office_product,THERMOPLASTIC_FILAMENT,950.39,1079.99,Precio de lista:,12.0,12.000111112139928,Promoción,,BEST_DEAL,,False,4.0,98.0,https://www.amazon.com.mx/ELEGOO-Filamento-Mate-Refill-Blanco/dp/B0GF6G2W7Q,https://m.media-amazon.com/images/I/61ImgbJHdLL.jpg,0.00011111213992798241,Office Product,False,129.60000000000002,$500–999,2026-09-24T22:23:06.483588+00:00,Amazon Mexico,MXN
199,B0DLJ492SR,Dreamlab Set de Edredon Matrimonial Ligero con Fundas de Almohadas | Colcha para Cama Capitonada | Edrecolcha Hipoalergénica | Sobrecama | Blancos para el Hogar | Ropa de Cama 7 Piezas Negro/Grafito,Dreamlab,gl_home,BEDDING_SET,879.12,999.0,Precio de lista:,12.0,12.0,Promoción,,BEST_DEAL,,False,4.0,273.0,https://www.amazon.com.mx/Dreamlab-Matrimonial-Decorativas-Temporada-Hipoalerg%C3%A9nico/dp/B0DLJ492SR,https://m.media-amazon.com/images/I/71b7i9Ztr5L.jpg,0.0,Home,False,119.88,$500–999,2026-09-24T22:23:06.483588+00:00,Amazon Mexico,MXN
200,B0F6SLH3MV,"SUNLU Filamento PLA,4KG Blanco+Blanco+Blanco+Blanco | Filamento PLA para Mayoría Impresoras 3D,±0.02mm, 4KG en Total, 1KG por Bobina",SUNLU,gl_office_product,THERMOPLASTIC_FILAMENT,950.0,1000.0,Precio de lista:,5.0,5.0,Termina en,2026-09-25T05:59:59.000Z,BEST_DEAL,22.0,False,4.0,2423.0,https://www.amazon.com.mx/SUNLU-Filamento-PLA-Impresora-3D/dp/B0F6SLH3MV,https://m.media-amazon.com/images/I/71xIMLyEBwL.jpg,0.0,Office Product,True,50.0,$500–999,2026-09-24T22:23:06.483588+00:00,Amazon Mexico,MXN
201,B0GG9PS1F6,Ugreen para Ssd M.2 Nvme de 80 Gbps con Disipador de Calor de Aluminio | unidad SSD externa sin ruido compatible con Mac M1-M5 Pro/Max Thunderbolt5/4/3/USB4/3.2/3.0(SSD no incluido),UGREEN,gl_electronics,HARD_DRIVE_ENCLOSURE,2499.98,2999.0,Precio de lista:,17.0,16.63954651550517,Promoción,,BEST_DEAL,,False,4.0,5844.0,https://www.amazon.com.mx/Ugreen-para-Disipador-Calor-Aluminio/dp/B0GG9PS1F6,https://m.media-amazon.com/images/I/6102oXHdklL.jpg,0.3604534844948297,Electronics,False,499.02,"$1,000–2,499",2026-09-24T22:23:06.483588+00:00,Amazon Mexico,MXN
202,B0H771QQGL,Samsung Galaxy A37 5G Lavanda 128GB,Samsung,gl_wireless,CELLULAR_PHONE,5369.0,7199.0,Precio de lista:,25.0,25.420197249618003,Promoción,,BEST_DEAL,,False,4.0,92.0,https://www.amazon.com.mx/Samsung-Galaxy-A37-Lavanda-128GB/dp/B0H771QQGL,https://m.media-amazon.com/images/I/61eVdjnE5-L.jpg,0.42019724961800264,Wireless,False,1830.0,"$5,000+",2026-09-24T22:23:06.483588+00:00,Amazon Mexico,MXN
203,B0GZSB868V,"Safety 1st Carriola-Sistema de Viaje Smooth Ride LT Monument Gris, con uso desde recién nacido hasta los 22kg, con Portabebé OnBoard FLX",Safety 1st,gl_baby_product,STROLLER,4139.1,4599.0,Precio de lista:,10.0,9.999999999999993,Promoción,,BEST_DEAL,,False,5.0,11340.0,https://www.amazon.com.mx/Safety-1st-Carriola-Sistema-Monument-Portabeb%C3%A9/dp/B0GZSB868V,https://m.media-amazon.com/images/I/713Jjc0BKuL.jpg,7.105427357601002e-15,Baby Product,False,459.89999999999964,"$2,500–4,999",2026-09-24T22:23:06.483588+00:00,Amazon Mexico,MXN
204,B0GW9MBZJ9,1000X The Collexion | Audífonos inalámbricos Sony con Noise Cancelling,Sony,gl_electronics,HEADPHONES,9999.0,11999.0,Precio de lista:,17.0,16.668055671305943,Promoción,,BEST_DEAL,,False,4.0,130.0,https://www.amazon.com.mx/Collexion-Aud%C3%ADfonos-inal%C3%A1mbricos-Sony-Cancelling/dp/B0GW9MBZJ9,https://m.media-amazon.com/images/I/51IwBemyFlL.jpg,0.3319443286940569,Electronics,False,2000.0,"$5,000+",2026-09-24T22:23:06.483588+00:00,Amazon Mexico,MXN
205,B0DBQD335H,"NGTeco Reloj Checador de Huella Digital Biométrico,No Requiere WiFi, múltiples Reportes de Asistencia, informes de exportación USB(0 Tarifa mensual)",NGTeco,gl_home_improvement,CLOCK,1769.99,2199.99,Precio de lista:,20.0,19.54554338883358,Termina en,2026-09-25T05:59:59.000Z,BEST_DEAL,,False,4.0,13.0,https://www.amazon.com.mx/NGTeco-Checador-Biom%C3%A9trico-Inal%C3%A1mbrico-aplicaci%C3%B3n/dp/B0DBQD335H,https://m.media-amazon.com/images/I/710i+2h98SL.jpg,0.454456611166421,Home Improvement,True,429.9999999999998,"$1,000–2,499",2026-09-24T22:23:06.483588+00:00,Amazon Mexico,MXN
206,B0G43VDDQK,"Dubinik® Camicia Quadri Uomo Bottoni Automatici Western Cotone Manica Corta | BotõEs De PressãO, 2 Bolsos; Leve E RespiráVel Para EscritóRio, Trabalho Ou Lazer; AlgodãO, Camisa Vaqueira.",Dubinik,gl_apparel,SHIRT,682.19,757.99,Anterior:,10.0,10.000131927861839,Promoción,,BEST_DEAL,,False,4.0,255.0,https://www.amazon.com.mx/Dubinik%C2%AE-Camisas-Vaqueras-Algod%C3%B3n-Botones/dp/B0G43VDDQK,https://m.media-amazon.com/images/I/81eZBtjNdqL.jpg,0.00013192786183857663,Apparel,False,75.79999999999995,$500–999,2026-09-24T22:23:06.483588+00:00,Amazon Mexico,MXN
207,B0D17HZK9J,"Dubinik®6 oz Camisa Franela Hombre Cuadros Manga Larga Bolsillo Comfortable | 100% Algodón,Suave,Casual,Ligera,Vintage,Cálida,Doble Bolsillo En Pecho,Diseño Cuadros,Duradera,Para Uso Diario",Dubinik,gl_apparel,SHIRT,690.29,766.99,Anterior:,10.0,10.000130379796353,Termina en,2026-09-25T05:59:59.000Z,BEST_DEAL,,False,4.0,205.0,https://www.amazon.com.mx/Dubinik%C2%AE-Franela-Camisas-Algod%C3%B3n-Bolsillo/dp/B0D17HZK9J,https://m.media-amazon.com/images/I/91XgugU9u0L.jpg,0.00013037979635299735,Apparel,True,76.70000000000005,$500–999,2026-09-24T22:23:06.483588+00:00,Amazon Mexico,MXN
208,B0BR3M8XHK,"UGREEN Hub USB C 5 en 1 Adaptador USB C Multipuerto Aluminio a 4K 30Hz HDMI | 1 USB 3.0 y 2 USB 2.0, PD Carga Compatible con MacBook M1 M2 Pro Air iPad iPhone 17 Galaxy S24 Chromebook DELL XPS y Más",UGREEN,gl_pc,MULTIPORT_HUB,299.99,440.0,Precio de lista:,32.0,31.82045454545454,Promoción,,BEST_DEAL,,False,4.0,31956.0,https://www.amazon.com.mx/UGREEN-Adaptador-Multipuerto-Compatible-Chromebook/dp/B0BR3M8XHK,https://m.media-amazon.com/images/I/61ZrDcJ4nYL.jpg,0.17954545454545823,Pc,False,140.01,Under $500,2026-09-24T22:23:06.483588+00:00,Amazon Mexico,MXN
209,B09BWY4KCN,"Microondas Xwave Mirage, 0.7 pies, 9 programas predeterminados, acabado tipo espejo, descongelamiento y coccion por pero, plata, modelo MWD020E-PLATA",,gl_kitchen,MICROWAVE_OVEN,1403.1,1588.98,Anterior:,12.0,11.69807046029529,Promoción,,BEST_DEAL,,False,4.0,1132.0,https://www.amazon.com.mx/Mirage-MWD020E-Microondas-Xwave-color/dp/B09BWY4KCN,https://m.media-amazon.com/images/I/61gB4PjGmbL.jpg,0.3019295397047106,Kitchen,False,185.8800000000001,"$1,000–2,499",2026-09-24T22:23:06.483588+00:00,Amazon Mexico,MXN
210,B0CW618SPM,"MOXIMX Puerta de Seguridad, Puerta para Bebés, 76-125 cm, Puerta para Perros/Mascotas, Puerta de Seguridad para Niños, Sin Perforación, para Escale",,gl_home,TEMPORARY_GATE,1081.49,1229.0,Precio de lista:,12.0,12.002441008950365,Promoción,,BEST_DEAL,,False,4.0,272.0,https://www.amazon.com.mx/Seguridad-Instalaci%C3%B3n-Perforaci%C3%B3n-Expandible-Escaleras/dp/B0CW618SPM,https://m.media-amazon.com/images/I/71X16JYcx-L.jpg,0.002441008950365031,Home,False,147.51,"$1,000–2,499",2026-09-24T22:23:06.483588+00:00,Amazon Mexico,MXN
211,B0FJ8H5M97,"Filamento oficial de impresora 3D de Creality PLA, filamentos que brilla en la oscuridad, filament Hyper PLA de 1.75 mm, alta velocidad de 30-600 mm/s, filamento RFID que se adapta a la mayoría de",Creality,gl_office_product,THERMOPLASTIC_FILAMENT,568.99,799.0,Precio de lista:,29.0,28.787234042553187,Termina en,2026-09-25T05:59:59.000Z,BEST_DEAL,,False,4.0,15.0,https://www.amazon.com.mx/Filamento-impresora-Creality-filamentos-oscuridad/dp/B0FJ8H5M97,https://m.media-amazon.com/images/I/71JJGUCwqtL.jpg,0.2127659574468126,Office Product,True,230.01,$500–999,2026-09-24T22:23:06.483588+00:00,Amazon Mexico,MXN
212,B0D1GYY1Q8,"Hisense Aire acondicionado portátil, SACC 8.000 BTU, doble manguera, 4 modos (frío, calor, ventilador, deshumidificador) WiFi, control remoto hasta 51 m2., AP55023HR1GD, blanco (reacondicionado)",Hisense,gl_home,AIR_CONDITIONER,3569.1,4499.0,Precio anterior:,21.0,20.669037563903093,Termina en,2026-09-25T05:59:59.000Z,BEST_DEAL,,False,3.0,357.0,https://www.amazon.com.mx/Hisense-Smart-acondicionado-port%C3%A1til-calefacci%C3%B3n/dp/B0D1GYY1Q8,https://m.media-amazon.com/images/I/51Xa6n6A4cL.jpg,0.33096243609690745,Home,True,929.9000000000001,"$2,500–4,999",2026-09-24T22:23:06.483588+00:00,Amazon Mexico,MXN
213,B084VGDD7M,"SONGMICS Cajas de Zapatos Plástico, Juego de 18 Organizadores de Almacenamiento, Caja Zapatero Plástico Plegable y Apilable para Zapatillas hasta talla 44, Transparente y Blanco, MLSP18SWT",SONGMICS,gl_home,STORAGE_BOX,609.99,899.0,Anterior:,32.0,32.14794215795328,Promoción,,BEST_DEAL,,False,4.0,8819.0,https://www.amazon.com.mx/SONGMICS-Organizador-Ventilaci%C3%B3n-33-3x23x14cm-Transparente/dp/B084VGDD7M,https://m.media-amazon.com/images/I/81fAPkrIBbL.jpg,0.14794215795328114,Home,False,289.01,$500–999,2026-09-24T22:23:06.483588+00:00,Amazon Mexico,MXN
214,B0FBN69CQH,"Safety 1st Sistema Viaje-Carriola Portabebé Royal 3en1, certificado seguridad, canastilla XL, marco acero",Safety 1st,gl_baby_product,STROLLER,3329.0,4499.0,Precio de lista:,26.0,26.00577906201378,Promoción,,BEST_DEAL,,False,4.0,72.0,https://www.amazon.com.mx/Safety-1st-Viaje-Carriola-certificado-canastilla/dp/B0FBN69CQH,https://m.media-amazon.com/images/I/713u8lOEesL.jpg,0.0057790620137794235,Baby Product,False,1170.0,"$2,500–4,999",2026-09-24T22:23:06.483588+00:00,Amazon Mexico,MXN
215,B0DYTVVLH4,"UGREEN 14 en 1 Docking Station Revodok Pro 3 Monitores 2 4K HDMI y 8K DP | 100 W PD, Puertos USB de 10 Gbps, SD/TF 170 MB/s, Audio de 3,5 mm, Adaptador de Corriente de 140 W",UGREEN,gl_electronics,ELECTRONIC_DEVICE_DOCKING_STATION,2233.82,2699.0,Precio de lista:,17.0,17.23527232308262,Promoción,,BEST_DEAL,,False,4.0,850.0,https://www.amazon.com.mx/UGREEN-Docking-Monitores-Adaptador-Corriente/dp/B0DYTVVLH4,https://m.media-amazon.com/images/I/61AuBDPwDvL.jpg,0.23527232308261858,Electronics,False,465.17999999999984,"$1,000–2,499",2026-09-24T22:23:06.483588+00:00,Amazon Mexico,MXN
216,B0DHTVSZ9W,"QCY H3 Pro Audífonos Inalámbricos Bluetooth 5.4, Híbridos Cancelación Ruido Activa hasta 99.6%, LDCA Hi-Res Audio, Diadema Plegables Auriculares Over-Ear con Microfono, Carga Rápida de 10 Minutos",QCY,gl_electronics,HEADPHONES,861.03,1299.0,Precio de lista:,34.0,33.71593533487298,Termina en,2026-09-25T05:59:59.000Z,BEST_DEAL,,False,4.0,1390.0,https://www.amazon.com.mx/QCY-H3-Inal%C3%A1mbricos-Cancelaci%C3%B3n-Auriculares/dp/B0DHTVSZ9W,https://m.media-amazon.com/images/I/51uYWKaLJ0L.jpg,0.2840646651270191,Electronics,True,437.97,$500–999,2026-09-24T22:23:06.483588+00:00,Amazon Mexico,MXN
217,B0CG6V2XGS,"TRALT Silla Ergonomica Escritorio Silla de Oficina Soporte Lumbar Ajustable | Capacidad de 330 lbs Silla de Escritorio Ergonómica con Reposacabezas Brazos Abatibles, Ideal para Oficina(Negro)",TRALT,gl_furniture,CHAIR,3307.01,3569.99,Precio de lista:,7.0,7.366407188815644,Termina en,2026-09-25T05:59:59.000Z,BEST_DEAL,,False,4.0,4343.0,https://www.amazon.com.mx/TRALT-Oficina-ergon%C3%B3mica-Libras-computadora/dp/B0CG6V2XGS,https://m.media-amazon.com/images/I/81OW9VpP4qL.jpg,0.3664071888156437,Furniture,True,262.97999999999956,"$2,500–4,999",2026-09-24T22:23:06.483588+00:00,Amazon Mexico,MXN
218,B09QGR8FM7,"SMALLRT 1.98M Regleta Torre Multicontacto, Extension Electrica USB C Negro | Conector Multiple Enchufe con 12 Salidas CA y 4 Puertos USB (1 USB C) , Extensión Plana Pared para Casa, Oficina, Dorm",,gl_electronics,POWER_STRIP,343.99,799.0,Precio de lista:,57.0,56.947434292866085,Promoción,,BEST_DEAL,,False,5.0,11485.0,https://www.amazon.com.mx/SMALLRT-Regleta-Multicontacto-Extension-Electrica/dp/B09QGR8FM7,https://m.media-amazon.com/images/I/71fgel9kUfL.jpg,0.052565707133915396,Electronics,False,455.01,Under $500,2026-09-24T22:23:06.483588+00:00,Amazon Mexico,MXN
219,B0CLDJK594,"HONEYWHALE M2 Pro Scooter Eléctrico Adulto 500W-32KM/H-22KM Patin Electrico | Diseño Plegable para Desplazamientos Urbanos, APP Bluetooth, Neumáticos de 8.5"", Freno de Disco y Freno Electrónico",HONEYWHALE,gl_outdoors,KICK_SCOOTER,4799.0,9999.0,Precio de lista:,52.0,52.00520052005201,Termina en,2026-09-25T05:59:59.000Z,BEST_DEAL,,False,4.0,1755.0,https://www.amazon.com.mx/HONEYWHALE-M2-Pro-El%C3%A9ctrico-Velocidad/dp/B0CLDJK594,https://m.media-amazon.com/images/I/61NEozWBNFL.jpg,0.005200520052007107,Outdoors,True,5200.0,"$2,500–4,999",2026-09-24T22:23:06.483588+00:00,Amazon Mexico,MXN
220,B0CPP36RP6,"MomMed Extractor de leche eléctrico portátil con 3 modos, 12 niveles, diseño antifugas y bajo ruido - todo en uno sin dolor, con flange de 24 mm - paquete de 2",MOMMED,gl_personal_care_appliances,BREAST_PUMP,1578.58,2199.98,Precio de lista:,28.0,28.245711324648408,Promoción,,BEST_DEAL,,False,4.0,1556.0,https://www.amazon.com.mx/Extractor-el%C3%A9ctrico-port%C3%A1til-niveles-antifugas/dp/B0CPP36RP6,https://m.media-amazon.com/images/I/61lZtrV1LcL.jpg,0.24571132464840773,Personal Care Appliances,False,621.4000000000001,"$1,000–2,499",2026-09-24T22:23:06.483588+00:00,Amazon Mexico,MXN
221,B06XJ9D5S3,Dream Pairs - Zapatos cómodos de tacón bajo para Mujer,DREAM PAIRS,gl_shoes,SHOES,629.0,699.0,Anterior:,10.0,10.014306151645208,Promoción,,BEST_DEAL,,False,4.0,16640.0,https://www.amazon.com.mx/DREAM-PAIRS-Zapatos-Desnudo-Tama%C3%B1o/dp/B06XJ9D5S3,https://m.media-amazon.com/images/I/71SLAaPRQQS.jpg,0.014306151645207876,Shoes,False,70.0,$500–999,2026-09-24T22:23:06.483588+00:00,Amazon Mexico,MXN
222,B0H25YKRXX,"UGREEN Webcam 4K 30FPS HD Streaming AI para PC PDAF con Campo de Visión 79° | Cámara Web con Micrófono Cancelación de Ruido,Enfoque Automático ,Adaptador USB-A y USB-C para Streaming, Conferencia y Zoom",UGREEN,gl_camera,CAMCORDER,1699.0,2199.0,Precio de lista:,23.0,22.73760800363802,Promoción,,BEST_DEAL,,False,4.0,11.0,https://www.amazon.com.mx/UGREEN-Webcam-30FPS-Streaming-Visi%C3%B3n/dp/B0H25YKRXX,https://m.media-amazon.com/images/I/61AlkaJb+gL.jpg,0.2623919963619805,Camera,False,500.0,"$1,000–2,499",2026-09-24T22:23:06.483588+00:00,Amazon Mexico,MXN
223,B0GP27PS94,"Pañal Huggies Supreme Etapa 7, Caja con 180 piezas, para bebés de 16 kg en adelante. Único clinica y dermatologicamente probado",,gl_drugstore,INCONTINENCE_PROTECTOR,2145.0,2860.0,Precio de lista:,25.0,25.0,Promoción,,BEST_DEAL,3.0,False,5.0,1.0,https://www.amazon.com.mx/Huggies-Supreme-adelante-clinica-dermatologicamente/dp/B0GP27PS94,https://m.media-amazon.com/images/I/81OPRp93J5L.jpg,0.0,Drugstore,False,715.0,"$1,000–2,499",2026-09-24T22:23:06.483588+00:00,Amazon Mexico,MXN
224,B0H8SFVJDX,"9 En 1 Máquina de Cavitación, Dispositivo de Radiofrecuencia Cavitación 40K | Máquina de Belleza y Estiramiento La Piel Todo El Cuerpo, Máquina Multifuncional de Eliminación de Celulitis(Plata）",,gl_personal_care_appliances,MICROCURRENT_FACIAL_MACHINE,4049.18,4999.0,Precio de lista:,19.0,19.000200040008007,Termina en,2026-09-25T05:59:59.000Z,BEST_DEAL,,False,5.0,2.0,https://www.amazon.com.mx/En-M%C3%A1quina-Cavitaci%C3%B3n-Dispositivo-Radiofrecuencia/dp/B0H8SFVJDX,https://m.media-amazon.com/images/I/71MDGFBtGiL.jpg,0.00020004000800710742,Personal Care Appliances,True,949.8200000000002,"$2,500–4,999",2026-09-24T22:23:06.483588+00:00,Amazon Mexico,MXN
225,B09JFQXP53,Sniokco 10K 8K 4K Cable HDMI 2.1 48Gbps 5 Metros Certificado Alta Velocidad | Compatible 0.01ms 4K 240Hz 165Hz 120Hz 8K 60Hz eARC Netflix HDCP 2.3 2.2 HDR10+ TV Computadora Monitor Proyector Roku Sky-Q,Sniokco,gl_biss,ELECTRONIC_CABLE,387.19,439.99,Precio de lista:,12.0,12.000272733471217,Termina en,2026-09-25T05:59:59.000Z,BEST_DEAL,,False,5.0,20781.0,https://www.amazon.com.mx/Sniokco-Certificado-Trenzado-Velocidad-Compatible/dp/B09JFQXP53,https://m.media-amazon.com/images/I/71d6PM54SkL.jpg,0.0002727334712169238,Biss,True,52.80000000000001,Under $500,2026-09-24T22:23:06.483588+00:00,Amazon Mexico,MXN
226,B0FJM5W4D5,"Marcadores Acrílicos 288 Colores Punta Brush – Tinta Acrílica Líquida de 2.4 ml, Caja de 5 Niveles, Ideal para Arte en Roca, Madera, Vidrio, Tela y Más – Rotuladores Acrílicos de Pintura",,gl_office_product,MARKING_PEN,1549.99,1699.0,Precio de lista:,9.0,8.770453207769275,Termina en,2026-09-25T05:59:59.000Z,BEST_DEAL,,False,4.0,404.0,https://www.amazon.com.mx/Marcadores-Acr%C3%ADlicos-Colores-Punta-Brush/dp/B0FJM5W4D5,https://m.media-amazon.com/images/I/71-7eARj4vL.jpg,0.2295467922307246,Office Product,True,149.01,"$1,000–2,499",2026-09-24T22:23:06.483588+00:00,Amazon Mexico,MXN
227,B0FNX55ZBV,"HUAWEI Pura 80 Celular, 12+256G, Cámara XMAGE Ultra Chroma, Cancelación de Ruido con IA, Gran Batería de 5170 mAh y Dual Supercharge, Cristal Mate y Diseño de Bordes Planos, Blanco",HUAWEI,gl_wireless,CELLULAR_PHONE,8999.0,21499.0,Precio de lista:,58.0,58.142239173915065,Promoción,,BEST_DEAL,,False,4.0,161.0,https://www.amazon.com.mx/HUAWEI-Celular-Cancelaci%C3%B3n-Bater%C3%ADa-Supercharge/dp/B0FNX55ZBV,https://m.media-amazon.com/images/I/61Z0JwMtlOL.jpg,0.14223917391506546,Wireless,False,12500.0,"$5,000+",2026-09-24T22:23:06.483588+00:00,Amazon Mexico,MXN
228,B0GT2QMPVK,Dreamlab Set 2 Almohadas Heaven Pillow con Relleno Down Alternative | Almohada Cervical Extra Suave Relleno de Microfibras con Gel | Firmeza: Suave | Hipoalergénica | Almohada Estandar (50 cm x 65 cm),Dreamlab,gl_home,PILLOW,553.45,873.75,Precio de lista:,37.0,36.658082975679534,Promoción,,BEST_DEAL,,False,4.0,1529.0,https://www.amazon.com.mx/Dreamlab-Almohadas-Alternative-Almohada-Microfibras/dp/B0GT2QMPVK,https://m.media-amazon.com/images/I/71ZFgaeEqxL.jpg,0.3419170243204661,Home,False,320.29999999999995,$500–999,2026-09-24T22:23:06.483588+00:00,Amazon Mexico,MXN
229,B0B6GKV165,Cámara para interiores Ring (último modelo): seguridad para tu casa o negocio con video HD de 1080p (blanco),Ring,gl_digital_products_9_accessory,VDO_DEVICES,499.0,1099.0,Precio de lista:,55.0,54.5950864422202,Promoción,,BEST_DEAL,,False,4.0,3641.0,https://www.amazon.com.mx/Ring-generaci%C3%B3n-nocturna-bidireccional-privacidad/dp/B0B6GKV165,https://m.media-amazon.com/images/I/51gHswF64tL.jpg,0.40491355777979976,Digital Products 9 Accessory,False,600.0,Under $500,2026-09-24T22:23:06.483588+00:00,Amazon Mexico,MXN
230,B0D3GZK6BM,"Libin Pantalones de Golf para Hombre, Ajustados, elásticos, de 30 pulgadas/32 pulgadas/34 Pulgadas, Secado rápido, Ligeros, Casuales, cómodos con Bolsillos",Libin,gl_apparel,PANTS,703.99,799.99,Precio de lista:,12.0,12.000150001875024,Termina en,2026-09-25T05:59:59.000Z,BEST_DEAL,,False,4.0,7327.0,https://www.amazon.com.mx/Libin-Pantalones-el%C3%A1sticos-pulgadas-bolsillos/dp/B0D3GZK6BM,https://m.media-amazon.com/images/I/712XiL7okdL.jpg,0.00015000187502423046,Apparel,True,96.0,$500–999,2026-09-24T22:23:06.483588+00:00,Amazon Mexico,MXN
231,B0FHDJ13VN,"ELEGOO Filamento PLA MATE 1.75 2KG Verde Azuladol y Amarillo Sol | Precisión Dimensional +/- 0.02mm, Carrete de Filamento 3D, para Mayoría Impresoras 3D",ELEGOO,gl_office_product,THERMOPLASTIC_FILAMENT,563.19,639.99,Precio de lista:,12.0,12.000187502929727,Promoción,,BEST_DEAL,,False,4.0,1012.0,https://www.amazon.com.mx/ELEGOO-Filamento-Impresora-Dimensional-Impresoras/dp/B0FHDJ13VN,https://m.media-amazon.com/images/I/81AK0uIpYmL.jpg,0.00018750292972669058,Office Product,False,76.79999999999995,$500–999,2026-09-24T22:23:06.483588+00:00,Amazon Mexico,MXN
232,B0BWNTNGN5,Canon imageFORMULA R30 Escáner de Documentos de Oficina,Canon,gl_office_product,SCANNER,5799.0,6499.0,Precio de lista:,11.0,10.770887828896754,Promoción,,BEST_DEAL,,False,4.0,371.0,https://www.amazon.com.mx/Canon-imageFORMULA-Esc%C3%A1ner-Documentos-Oficina/dp/B0BWNTNGN5,https://m.media-amazon.com/images/I/51rx-1APYIL.jpg,0.229112171103246,Office Product,False,700.0,"$5,000+",2026-09-24T22:23:06.483588+00:00,Amazon Mexico,MXN
233,B0G5Y38Z91,"UGREEN MagFlow 25W Qi2.2 Cargador Inalámbrico 2 en 1 con Refrigeración Tec | Magsafe, Pantalla LED Inteligente, Compatible con iPhone 18 Pro Max y 17-12, AirPods, (Incluye USB-C 1M, sin Adaptador)",UGREEN,gl_electronics,CHARGING_ADAPTER,1299.0,1999.0,Precio de lista:,35.0,35.01750875437719,Promoción,,BEST_DEAL,,False,4.0,42.0,https://www.amazon.com.mx/UGREEN-MagFlow-Cargador-Inal%C3%A1mbrico-Refrigeraci%C3%B3n/dp/B0G5Y38Z91,https://m.media-amazon.com/images/I/61tf6GXimML.jpg,0.01750875437718946,Electronics,False,700.0,"$1,000–2,499",2026-09-24T22:23:06.483588+00:00,Amazon Mexico,MXN
234,B0FX2MFWLH,"Libin Pantalones de Trabajo y Senderismo Cargo para Hombre, Resistentes al Agua, elásticos y tácticos con 9 Bolsillos",Libin,gl_apparel,PANTS,683.99,759.99,Precio de lista:,10.0,10.000131580678694,Termina en,2026-09-25T05:59:59.000Z,BEST_DEAL,,False,4.0,350.0,https://www.amazon.com.mx/Libin-Pantalones-Senderismo-Resistentes-el%C3%A1sticos/dp/B0FX2MFWLH,https://m.media-amazon.com/images/I/71Mi4R4H3SL.jpg,0.00013158067869412093,Apparel,True,76.0,$500–999,2026-09-24T22:23:06.483588+00:00,Amazon Mexico,MXN
235,B0D86BXVL6,"ELEGOO Filamento PETG 1.75 4KG Negro | PETG para Impresora 3D, Precisión Dimensional +/- 0.02mm, Carrete de Filamento 3D, para Mayoría Impresoras 3D",ELEGOO,gl_office_product,THERMOPLASTIC_FILAMENT,809.59,919.99,Precio de lista:,12.0,12.00013043620039,Promoción,,BEST_DEAL,,False,4.0,2289.0,https://www.amazon.com.mx/ELEGOO-Filamento-Impresora-Dimensional-Impresoras/dp/B0D86BXVL6,https://m.media-amazon.com/images/I/71qSme5vkYL.jpg,0.00013043620038999393,Office Product,False,110.39999999999998,$500–999,2026-09-24T22:23:06.483588+00:00,Amazon Mexico,MXN
236,B0D9H11XPX,"Filamento de impresión 3D PLA+ de alta velocidad de 1,75 mm, dimensiones exactas +/- 0,02 mm, adecuado para la mayoría de los tipos de impresoras, 1 kg(Negro)",,gl_office_product,THERMOPLASTIC_FILAMENT,225.4,499.0,Precio de lista:,55.0,54.82965931863728,Termina en,2026-09-25T05:59:59.000Z,BEST_DEAL,,False,4.0,216.0,https://www.amazon.com.mx/Filamento-impresi%C3%B3n-PLA-dimensiones-impresoras/dp/B0D9H11XPX,https://m.media-amazon.com/images/I/516sXeeWkKL.jpg,0.17034068136271685,Office Product,True,273.6,Under $500,2026-09-24T22:23:06.483588+00:00,Amazon Mexico,MXN
237,B0D6XL4DVV,"Vtopmart Recipientes Herméticos Para Almacenar, Meal Prep, Recipientes de Vidrio Con Tapa Hermética, para microondas, horno, congelador y lavavajillas, sin BPA (2pack-1.86L)",Vtopmart,gl_kitchen,FOOD_STORAGE_CONTAINER,484.16,844.41,Precio de lista:,43.0,42.66292440875878,Termina en,2026-09-25T05:59:59.000Z,BEST_DEAL,90.0,False,5.0,18442.0,https://www.amazon.com.mx/Vtopmart-Recipientes-Herm%C3%A9ticos-lavavajillas-2pack-1-86L/dp/B0D6XL4DVV,https://m.media-amazon.com/images/I/81Kcr1TKLHL.jpg,0.33707559124122355,Kitchen,True,360.24999999999994,Under $500,2026-09-24T22:23:06.483588+00:00,Amazon Mexico,MXN
238,B0DSB66KH5,"NORTIV 8 Botas Tactical Hombre Amortiguadas | Zapatos Militares, Soporte de Arco, Antideslizantes",NORTIV 8,gl_shoes,BOOT,1083.89,1699.0,Precio de lista:,36.0,36.20423778693348,Promoción,,BEST_DEAL,,False,4.0,2319.0,https://www.amazon.com.mx/NORTIV-Senderismo-Cremallera-Motocicleta-NMUMMT2503/dp/B0DSB66KH5,https://m.media-amazon.com/images/I/81cS0d0xnqL.jpg,0.20423778693348282,Shoes,False,615.1099999999999,"$1,000–2,499",2026-09-24T22:23:06.483588+00:00,Amazon Mexico,MXN
239,B0DG93MZCR,"UGREEN 30W GAN Cargador Tipo USB C con 3Puertos, Cubo de Carga Rápido Negro | 2 USB-C y 1 USB-A, Tamaño compacto, Protección múltiple, para iPhone 17/16/15, Galaxy S26/S25, iPad, MacBook Neo/Air",UGREEN,gl_electronics,CHARGING_ADAPTER,234.98,399.0,Precio de lista:,41.0,41.1077694235589,Promoción,,BEST_DEAL,,False,5.0,5626.0,https://www.amazon.com.mx/UGREEN-Cargador-Puertos-Celular-Compatible/dp/B0DG93MZCR,https://m.media-amazon.com/images/I/51f-f5qTjcL.jpg,0.10776942355889929,Electronics,False,164.02,Under $500,2026-09-24T22:23:06.483588+00:00,Amazon Mexico,MXN
240,B0CXTMHNMT,"Magic Keyboard para iPad Air 11"" M4/M3/M2, iPad Air 4/5, iPad Pro 11""(1-4ª) | Español Ñ, Funda Teclado Inalámbrica Para iPad con Soport, 7- Color Retroiluminadas, Trackpad Multi-Touch, Negro",,gl_pc,KEYBOARDS,1407.12,1599.0,Precio de lista:,12.0,12.000000000000007,Termina en,2026-09-25T05:59:59.000Z,BEST_DEAL,,False,4.0,180.0,https://www.amazon.com.mx/Magic-Keyboard-para-iPad-1-4%C2%AA/dp/B0CXTMHNMT,https://m.media-amazon.com/images/I/61SR0HoE2pL.jpg,7.105427357601002e-15,Pc,True,191.8800000000001,"$1,000–2,499",2026-09-24T22:23:06.483588+00:00,Amazon Mexico,MXN
241,B0FH62Z3DW,Dubinik® Camisas para Hombre Vaqueras Manga Larga de Algodón con Botones a Presión Estilo Western de Trabajo Tipo Leñador,Dubinik,gl_apparel,SHIRT,751.49,834.99,Anterior:,10.0,10.000119761913316,Termina en,2026-09-25T05:59:59.000Z,BEST_DEAL,,False,4.0,525.0,https://www.amazon.com.mx/Dubinik%C2%AE-Camisas-Vaqueras-Algod%C3%B3n-Botones/dp/B0FH62Z3DW,https://m.media-amazon.com/images/I/91WmsFj6yWL.jpg,0.00011976191331619646,Apparel,True,83.5,$500–999,2026-09-24T22:23:06.483588+00:00,Amazon Mexico,MXN
242,B09ZXR98LJ,"Donner DED-80 Batería electrónica con 4 almohadillas de malla silenciosas, más de 180 sonidos, 2 pedales, trono, auriculares, baquetas y lecciones de melódica",Donner,gl_musical_instruments,MUSICAL_INSTRUMENTS,4799.8,5469.29,Precio de lista:,12.0,12.240894156279879,Termina en,2026-09-25T05:59:59.000Z,BEST_DEAL,,False,4.0,1913.0,https://www.amazon.com.mx/Donner-electr%C3%B3nica-principiantes-DED-80-actualizaci%C3%B3n/dp/B09ZXR98LJ,https://m.media-amazon.com/images/I/714yvRzAegL.jpg,0.24089415627987876,Musical Instruments,True,669.4899999999998,"$2,500–4,999",2026-09-24T22:23:06.483588+00:00,Amazon Mexico,MXN
243,B07DQBYDPS,"Prinsel Baby Colecho, color Beige",,gl_baby_product,FURNITURE,1307.9,2434.78,Precio de lista:,46.0,46.28262101709395,Promoción,,BEST_DEAL,,False,4.0,1077.0,https://www.amazon.com.mx/Prinsel-Baby-Colecho-color-Beige/dp/B07DQBYDPS,https://m.media-amazon.com/images/I/71HXEcmIScL.jpg,0.2826210170939518,Baby Product,False,1126.88,"$1,000–2,499",2026-09-24T22:23:06.483588+00:00,Amazon Mexico,MXN
244,B0CR926ZJ9,"SKINTIFIC Mascarilla en Barra de Arcilla Volcánica – Limpieza Profunda de Poros, Elimina Puntos Negros, Arcilla Natural de Alaska con Ácido Glicólico, Cremosa y No Reseca, Para Todo Tipo de Piel, 40g",SKINTIFIC,gl_beauty,SKIN_TREATMENT_MASK,175.0,499.0,Precio de lista:,65.0,64.92985971943888,Termina en,2026-09-25T05:59:59.000Z,BEST_DEAL,,False,4.0,978.0,https://www.amazon.com.mx/SKINTIFIC-Barra-Mascarilla-Arcilla-Volc%C3%A1nica/dp/B0CR926ZJ9,https://m.media-amazon.com/images/I/716UVoXTSpL.jpg,0.07014028056111954,Beauty,True,324.0,Under $500,2026-09-24T22:23:06.483588+00:00,Amazon Mexico,MXN
245,B0CZWPWTPK,"My Home - Almohadas Hoteleras Premium - Relleno Microgel - Firmeza Media - Fundas Rayada Satinada - 100% Algodón - Pillow - Alta Calidad - Color Blanco (2, Estándar)",,gl_home,PILLOW,503.1,559.0,Anterior:,10.0,9.999999999999996,Promoción,,BEST_DEAL,46.0,False,4.0,383.0,https://www.amazon.com.mx/My-Home-Almohadas-Hoteleras-Microgel/dp/B0CZWPWTPK,https://m.media-amazon.com/images/I/51pcyZRDc+L.jpg,3.552713678800501e-15,Home,False,55.89999999999998,$500–999,2026-09-24T22:23:06.483588+00:00,Amazon Mexico,MXN
246,B0FMSVBRQM,Cuadra Botín Casual de Caballero en Piel de Toro Miel,FRANCO CUADRA,gl_shoes,BOOT,3357.0,5595.0,Precio de lista:,40.0,40.0,Promoción,,BEST_DEAL,,False,4.0,12.0,https://www.amazon.com.mx/Cuadra-Caballero-Sistema-calzado-Medici%C3%B3n/dp/B0FMSVBRQM,https://m.media-amazon.com/images/I/615QjgDqcVL.jpg,0.0,Shoes,False,2238.0,"$2,500–4,999",2026-09-24T22:23:06.483588+00:00,Amazon Mexico,MXN
247,B0GHF33RVL,OnePlus 15R 5G Gaming Phone 256gb ROM 12gb Ram Dual Sim Snapdragon 8 Gen 5 Aliméntate con 80w Pantalla 6.83 Amoled 1.5K 165hz 7400mah NFC cámara 50mp OIS IP68/IP69K Android 16 eSIM Global Negro,OnePlus,gl_wireless,CELLULAR_PHONE,10449.05,10999.0,Anterior:,5.0,5.000000000000006,Termina en,2026-09-25T05:59:59.000Z,BEST_DEAL,,False,4.0,39.0,https://www.amazon.com.mx/OnePlus-Snapdragon-Alim%C3%A9ntate-Pantalla-7400mah/dp/B0GHF33RVL,https://m.media-amazon.com/images/I/5159c37cnvL.jpg,6.217248937900877e-15,Wireless,True,549.9500000000007,"$5,000+",2026-09-24T22:23:06.483588+00:00,Amazon Mexico,MXN
248,B0CYX348XR,"JYX Bocina Karaoke Bluetooth con 2 Micrófonos Inalámbricos para Fiestas | Conexión a TV, batería de 6500 mAh, volumen y eco del micrófono, luces RGB al ritmo, correa, hogar, patio y reuniones",JYX,gl_musical_instruments,KARAOKE_MACHINE,1599.99,1999.99,Precio de lista:,20.0,20.0001000005,Promoción,,BEST_DEAL,,False,4.0,152.0,https://www.amazon.com.mx/JYX-Bluetooth-Micr%C3%B3fonos-Inal%C3%A1mbrico-Compatible/dp/B0CYX348XR,https://m.media-amazon.com/images/I/81EtkDt6-1L.jpg,0.00010000050000158467,Musical Instruments,False,400.0,"$1,000–2,499",2026-09-24T22:23:06.483588+00:00,Amazon Mexico,MXN
249,B0FJM7D7DN,"HALOVIDA Cepillo para Cabello Desenredante, Sin Tirones, Anti Frizz | Antiestático, Uso en Cabello Seco y Húmedo, Suaviza el cabello, Cepillo cromado, Volumen en un Cepillado, Masaje Capilar",HALOVIDA,gl_beauty,HAIR_BRUSH,200.0,259.0,Precio de lista:,23.0,22.779922779922778,Promoción,,BEST_DEAL,,False,4.0,368.0,https://www.amazon.com.mx/HALOVIDA-Cepillo-Cabello-El%C3%A1stico-Antiest%C3%A1tico/dp/B0FJM7D7DN,https://m.media-amazon.com/images/I/71HmHZ5J8BL.jpg,0.22007722007722208,Beauty,False,59.0,Under $500,2026-09-24T22:23:06.483588+00:00,Amazon Mexico,MXN
250,B0GSQGW6ZS,"KOORUI Monitor curvo ultraamplio de 34"" para juegos de 240Hz, WQHD 3440×1440, pantalla inmersiva 1500R, sincronización adaptativa, 1ms, DIC-P3 98%, HDR400, HDMI 2.1/DP 1.4, VESA, para juegos de PC",KOORUI,gl_pc,MONITOR,6350.91,6734.35,Precio anterior:,6.0,5.6937937588631495,Promoción,,BEST_DEAL,7.0,False,3.0,4.0,https://www.amazon.com.mx/KOORUI-ultraamplio-3440%C3%971440-sincronizaci%C3%B3n-adaptativa/dp/B0GSQGW6ZS,https://m.media-amazon.com/images/I/71cfelifP8L.jpg,0.30620624113685047,Pc,False,383.4400000000005,"$5,000+",2026-09-24T22:23:06.483588+00:00,Amazon Mexico,MXN
251,B0FGW9V11R,"ENMY 80 Colores Marcadores Creativos de Pintura Acrílica, Rotuladores Acrílicos a Base de Agua, Punta Pincel, Plumones acrilico Líquida, para madera, piedra, lienzo, vidrio, tela",ENMY,gl_office_product,MARKING_PEN,1135.0,1199.0,Precio de lista:,5.0,5.337781484570475,Promoción,,BEST_DEAL,,False,4.0,183.0,https://www.amazon.com.mx/ENMY-Marcadores-Creativos-Acr%C3%ADlica-Acr%C3%ADlicos/dp/B0FGW9V11R,https://m.media-amazon.com/images/I/71pVqGwH3wL.jpg,0.33778148457047497,Office Product,False,64.0,"$1,000–2,499",2026-09-24T22:23:06.483588+00:00,Amazon Mexico,MXN
252,B00APVXSM6,"PicassoTiles 60 Pzs Bloques Magnéticos, Picasso Tiles Magnets para Niños 3+ | Libre de BPA y no tóxico, diseño colorido y atractivo, tiempo de calidad en familia, estimulación de creatividad y motricidad",PicassoTiles,gl_toy,TOY_BUILDING_BLOCK,548.99,988.2,Precio de lista:,44.0,44.4454563853471,Termina en,2026-09-25T05:59:59.000Z,BEST_DEAL,,False,5.0,83701.0,https://www.amazon.com.mx/PicassoTiles-Classroom-Montessori-Construction-PT60/dp/B00APVXSM6,https://m.media-amazon.com/images/I/91PaqQw0LuL.jpg,0.4454563853471001,Toy,True,439.21000000000004,$500–999,2026-09-24T22:23:06.483588+00:00,Amazon Mexico,MXN
253,B0FQJ8YHSH,"Libin Pantalones Cargo tácticos para Hombre. Nylon Ligero, elástico, Secado rápido y Resistente al Agua. 4 Bolsillos",Libin,gl_apparel,PANTS,683.99,759.99,Precio de lista:,10.0,10.000131580678694,Termina en,2026-09-25T05:59:59.000Z,BEST_DEAL,,False,4.0,284.0,https://www.amazon.com.mx/Libin-Pantalones-Senderismo-Casuales-Bolsillos/dp/B0FQJ8YHSH,https://m.media-amazon.com/images/I/71TWb1zF75L.jpg,0.00013158067869412093,Apparel,True,76.0,$500–999,2026-09-24T22:23:06.483588+00:00,Amazon Mexico,MXN
254,B07NWT6YLD,"Amazon Basics - Paquete de 12 baterías recargables AA, recarga hasta 400x, alta capacidad 2400 mAh, precargadas",Amazon Basics,gl_electronics,BATTERY,304.33,354.9,Precio de lista:,14.0,14.249084249084248,Oferta Prime limitada,,BEST_DEAL,,,5.0,126948.0,https://www.amazon.com.mx/Amazon-Basics-Recargables-Capacidad-precargadas/dp/B07NWT6YLD,https://m.media-amazon.com/images/I/71H9daHPWWL.jpg,0.2490842490842482,Electronics,False,50.56999999999999,Under $500,2026-09-24T22:23:06.483588+00:00,Amazon Mexico,MXN
255,B093BDK1RP,Dubinik® 6 oz Camisa Franela Hombre Casual Botones Algodón Camisas Manga Larga Cuadros con Bolsillos Trabajo,Dubinik,gl_apparel,SHIRT,611.99,679.99,Anterior:,10.0,10.00014706098619,Termina en,2026-09-25T05:59:59.000Z,BEST_DEAL,,False,4.0,2282.0,https://www.amazon.com.mx/Dubinik-Camisa-Cuadros-Franela-Regular/dp/B093BDK1RP,https://m.media-amazon.com/images/I/91kAD52wTML.jpg,0.00014706098619043928,Apparel,True,68.0,$500–999,2026-09-24T22:23:06.483588+00:00,Amazon Mexico,MXN
256,B009PACFFE,"NIVEA Kit Anti-manchas Rutina Facial Completa Luminous 630 (4 piezas), Enriquecida con Ácido Hialurónico Serum facial + Fluido facial con Vitamina E y FPS50 + Contorno de Ojos Anti-ojeras + Crema de Noche Reparadora",NIVEA,gl_beauty,SKIN_SERUM,644.86,1028.01,Precio de lista:,37.0,37.271038219472565,Promoción,,BEST_DEAL,,False,4.0,1495.0,https://www.amazon.com.mx/NIVEA-Anti-manchas-Hialur%C3%B3nico-Anti-ojeras-Reparadora/dp/B009PACFFE,https://m.media-amazon.com/images/I/71+8TTdjk6L.jpg,0.27103821947256534,Beauty,False,383.15,$500–999,2026-09-24T22:23:06.483588+00:00,Amazon Mexico,MXN
257,B0F3BHJ266,"Mini 2K+ Blink (modelo más reciente): cámara de seguridad con enchufe para monitorear tu hogar y tus mascotas con resolución de video 2K, audio mejorado y detección de movimiento - 1 cámara (blanco)",Blink,gl_vdo_devices,VDO_DEVICES,359.0,899.0,Precio de lista:,60.0,60.06674082313682,Promoción,,BEST_DEAL,,False,4.0,116.0,https://www.amazon.com.mx/Blink-Mini-resoluci%C3%B3n-de-video-2k/dp/B0F3BHJ266,https://m.media-amazon.com/images/I/51cQSeAfeML.jpg,0.0667408231368185,Vdo Devices,False,540.0,Under $500,2026-09-24T22:23:06.483588+00:00,Amazon Mexico,MXN
258,B0F634L6G5,"Soundcore by Anker Boom 3i Bocina Bluetooth Portátil | 16h Batería, 50W, IP68 Flotante, Resistente al Agua Salada, BassUp 2.0, Bluetooth 5.3, TWS, para Pesca, Camping y Exteriores",Soundcore,gl_electronics,SPEAKERS,1599.0,2499.0,Precio de lista:,36.0,36.014405762304925,Promoción,,BEST_DEAL,,False,4.0,537.0,https://www.amazon.com.mx/Soundcore-Bluetooth-Portatil-Potencia-Resistente/dp/B0F634L6G5,https://m.media-amazon.com/images/I/61OIBxzUmgL.jpg,0.014405762304924963,Electronics,False,900.0,"$1,000–2,499",2026-09-24T22:23:06.483588+00:00,Amazon Mexico,MXN
259,B0DN6CMQGP,"DREAM PAIRS Flats de Mary Jane para Mujer | Zapatos de Ballet Ballerinas para Dama, Punta Cuadrada, Hebilla, Cómoda, Moda, Ligeras, Elegantes",DREAM PAIRS,gl_shoes,SHOES,538.61,799.0,Precio de lista:,33.0,32.58948685857321,Promoción,,BEST_DEAL,,False,4.0,1079.0,https://www.amazon.com.mx/DREAM-PAIRS-Bailarinas-Elegantes-DWUMFA2520/dp/B0DN6CMQGP,https://m.media-amazon.com/images/I/71NcAQIIU8L.jpg,0.4105131414267902,Shoes,False,260.39,$500–999,2026-09-24T22:23:06.483588+00:00,Amazon Mexico,MXN
260,B099RPHTCV,"Bruno Marc Tenis Casuales de Vestir para Hombre | Sneakers de Piel, Zapatos de Moda, Estilo Skate, de Negocios, Cómodos, para Oficina, Versátiles",Bruno Marc,gl_shoes,SHOES,758.98,899.0,Precio de lista:,16.0,15.575083426028918,Promoción,,BEST_DEAL,,False,4.0,9236.0,https://www.amazon.com.mx/Bruno-Marc-Zapatillas-vestir-casuales/dp/B099RPHTCV,https://m.media-amazon.com/images/I/7115UH1ca6L.jpg,0.42491657397108185,Shoes,False,140.01999999999998,$500–999,2026-09-24T22:23:06.483588+00:00,Amazon Mexico,MXN
261,B0CS285S1W,"Dubinik® Camisas para Hombre Manga Larga Cuadros Botones Casual Trabajo | Con Bolsillo, Ligero, Transpirable, Cómodo y suave, Se puede usar todo el año, Fácil de cuidar, Verano, Invierno",Dubinik,gl_apparel,SHIRT,656.99,729.99,Anterior:,10.0,10.00013698817792,Termina en,2026-09-25T05:59:59.000Z,BEST_DEAL,,False,4.0,47.0,https://www.amazon.com.mx/Dubinik%C2%AE-Camisas-Cuadros-Elegantes-Bolsillos/dp/B0CS285S1W,https://m.media-amazon.com/images/I/91xjpsNfdJL.jpg,0.00013698817791940598,Apparel,True,73.0,$500–999,2026-09-24T22:23:06.483588+00:00,Amazon Mexico,MXN
262,B095P46P6T,GORLYA - Vestido Largo de Manga Corta con Estampado Floral para niña de 4 a 12 años,,gl_apparel,DRESS,426.26,473.62,Anterior:,10.0,9.999577720535454,Termina en,2026-09-25T05:59:59.000Z,BEST_DEAL,,False,4.0,12275.0,https://www.amazon.com.mx/GORLYA-Maxivestido-estampado-floral-claro/dp/B095P46P6T,https://m.media-amazon.com/images/I/61OCDRSnoAS.jpg,0.00042227946454609366,Apparel,True,47.360000000000014,Under $500,2026-09-24T22:23:06.483588+00:00,Amazon Mexico,MXN
263,B0CSNG915W,Dubinik® Camisas Hombre Manga Corta Cuadros Camisa Manga Corta Hombre Verano Botón Casual Vintage Trabajo Camisas para Hombre,Dubinik,gl_apparel,SHIRT,611.99,679.99,Anterior:,10.0,10.00014706098619,Termina en,2026-09-25T05:59:59.000Z,BEST_DEAL,,False,4.0,1702.0,https://www.amazon.com.mx/Dubinik%C2%AE-Camisas-Cuadros-Vintage-Trabajo/dp/B0CSNG915W,https://m.media-amazon.com/images/I/914FqeMrPoL.jpg,0.00014706098619043928,Apparel,True,68.0,$500–999,2026-09-24T22:23:06.483588+00:00,Amazon Mexico,MXN
264,B0BKRSK4LN,"ANNA TOSANI Fregadero De Cocina, 55 * 45 * 21cm de Acero inoxidable | Fregadero De Barra con Grifo y Escurridor de Platos, Fregadero De Barra con Dispensador de jabón, Fregaderos De Cocina",,gl_home_improvement,SINK,999.0,1259.0,Anterior:,21.0,20.651310563939635,Promoción,,BEST_DEAL,,False,4.0,1059.0,https://www.amazon.com.mx/Anna-Tosani-Fregadero-de-Cocina/dp/B0BKRSK4LN,https://m.media-amazon.com/images/I/41+xbItFMoL.jpg,0.34868943606036495,Home Improvement,False,260.0,$500–999,2026-09-24T22:23:06.483588+00:00,Amazon Mexico,MXN
265,B08V9CY8XT,"Maybelline Sky High Máscara de Pestañas, Longitud y Volumen 12H, WP, 6Ml",MAYBELLINE,gl_beauty,MASCARA,166.93,309.0,Precio de lista:,46.0,45.97734627831715,Promoción,,BEST_DEAL,,False,4.0,57434.0,https://www.amazon.com.mx/Maybelline-Mascara-sensational-prueba-Negro/dp/B08V9CY8XT,https://m.media-amazon.com/images/I/61nkFl3MtqL.jpg,0.022653721682850403,Beauty,False,142.07,Under $500,2026-09-24T22:23:06.483588+00:00,Amazon Mexico,MXN
266,B0BZ2NRQ16,"Raganet, Parrilla con 5 Quemadores, de Cristal Templado, Encendido Eléctrico, Estufa Empotrable y De Mesa, Compatible con Gas Natural y Gas LP Medidas: 88cm Largo X 51cm Ancho X 6cm Alto",,gl_major_appliances,COOKTOP,1798.99,2099.0,Precio de lista:,14.0,14.292996665078608,Promoción,,BEST_DEAL,,False,3.0,117.0,https://www.amazon.com.mx/Raganet-Quemadores-Encendido-Empotrable-Compatible/dp/B0BZ2NRQ16,https://m.media-amazon.com/images/I/61TDjIYcTUL.jpg,0.2929966650786078,Major Appliances,False,300.01,"$1,000–2,499",2026-09-24T22:23:06.483588+00:00,Amazon Mexico,MXN
267,B08X6GMKVX,"PRETTYGARDEN Vestidos Largos Veraniegos Florales Boho para Mujer | Manga Corta Y Escote En V, Vestido Largo Fluido, Invitada De Boda Primaveral, Volantes Para Playa, Vacaciones Y Resort",PRETTYGARDEN,gl_apparel,DRESS,683.0,759.01,Anterior:,10.0,10.01436081211051,Termina en,2026-09-25T05:59:59.000Z,BEST_DEAL,,False,4.0,16656.0,https://www.amazon.com.mx/PRETTYGARDEN-Vestido-dobladillo-volantes-Patchwork/dp/B08X6GMKVX,https://m.media-amazon.com/images/I/810z2nTDzxL.jpg,0.014360812110510324,Apparel,True,76.00999999999999,$500–999,2026-09-24T22:23:06.483588+00:00,Amazon Mexico,MXN
268,B0DVCG76Z5,"Eucerin Anti-Pigment Gel Limpiador Facial 200ml Exfoliante Gentil Anti Manchas. Reducción de manchas oscuras, unifica el tono natural ideal para todo tipo de piel",Eucerin,gl_beauty,SKIN_CLEANING_AGENT,406.86,569.0,Precio de lista:,28.0,28.495606326889277,Promoción,,BEST_DEAL,,False,4.0,2426.0,https://www.amazon.com.mx/Eucerin-Anti-Pigment-Limpiador-Exfoliante-Reducci%C3%B3n/dp/B0DVCG76Z5,https://m.media-amazon.com/images/I/61v2pAeJ0EL.jpg,0.49560632688927697,Beauty,False,162.14,Under $500,2026-09-24T22:23:06.483588+00:00,Amazon Mexico,MXN
269,B0GR4GR5QH,"Soundcore by Anker Space 2 Audífonos Inalámbricos Diadema | Cancelación de Ruido Activa, 50 Horas de Batería, Audio LDAC Hi-Res, Conexión Dual, Bluetooth 6.1",Soundcore,gl_electronics,HEADPHONES,2499.0,2999.0,Precio de lista:,17.0,16.672224074691563,Promoción,,BEST_DEAL,,False,4.0,855.0,https://www.amazon.com.mx/Soundcore-Anker-Aud%C3%ADfonos-Inal%C3%A1mbricos-Diadema/dp/B0GR4GR5QH,https://m.media-amazon.com/images/I/61GwoWPO9hL.jpg,0.3277759253084369,Electronics,False,500.0,"$1,000–2,499",2026-09-24T22:23:06.483588+00:00,Amazon Mexico,MXN
270,B0DZMWY6R7,"TCL Smart TV Pantalla 40"" 40Q3K Android TV FHD QLED Google Cast | Alexa | 2K HDR10| NITS 300 | Panel 60 Hz | Dolby Digital +",TCL,gl_home_entertainment,TELEVISION,3799.0,5299.0,Precio de lista:,28.0,28.307227778826196,Promoción,,BEST_DEAL,,False,4.0,342.0,https://www.amazon.com.mx/TCL-Pantalla-Android-Google-Digital/dp/B0DZMWY6R7,https://m.media-amazon.com/images/I/61uJjgrpjuL.jpg,0.3072277788261957,Home Entertainment,False,1500.0,"$2,500–4,999",2026-09-24T22:23:06.483588+00:00,Amazon Mexico,MXN
271,B0DCBB2YTR,"Anker 25000mAh 165W Power Bank, Cargador Tipo C Carga Rapida | Carga Rapida, con Pantalla Inteligente, para iPhone 17/16/15, Airpods, Samsung, iPad y más",Anker,gl_electronics,POWER_BANK,1498.97,2899.0,Precio de lista:,48.0,48.29354949982753,Termina en,2026-09-25T05:55:00.000Z,BEST_DEAL,,False,4.0,9891.0,https://www.amazon.com.mx/Anker-Power-Laptop-25000-mAh-Puertos/dp/B0DCBB2YTR,https://m.media-amazon.com/images/I/71PutABp7nL.jpg,0.2935494998275274,Electronics,True,1400.03,"$1,000–2,499",2026-09-24T22:23:06.483588+00:00,Amazon Mexico,MXN
272,B0C5DJTKRW,"HYMOKEGE Juego De Edredón Queen De Seersucker De 7 Piezas, Cama De Lujo para Todas Las Estaciones, Juego De Cama con Edredones, Sábanas, Fundas De Almohada Y Fundas, Beige",HYMOKEGE,gl_home,BEDDING_SET,860.88,1032.2,Anterior:,17.0,16.597558612671968,Termina en,2026-09-25T05:59:59.000Z,BEST_DEAL,,False,4.0,12112.0,https://www.amazon.com.mx/HYMOKEGE-edred%C3%B3n-estaciones-rec%C3%A1mara-almohada/dp/B0C5DJTKRW,https://m.media-amazon.com/images/I/81hmUU5glXL.jpg,0.40244138732803236,Home,True,171.32000000000005,$500–999,2026-09-24T22:23:06.483588+00:00,Amazon Mexico,MXN
273,B0DDMTJR2Y,"T-fal Central de Vapor Vertical Origin Home IT3280X1 | Vaporizador de ropa, 3 niveles de vapor, diseño minimalista, perchero integrado para colgar la ropa, con tabla vertical",T-Fal,gl_home,GARMENT_STEAMER,1839.35,2999.0,Precio de lista:,39.0,38.66788929643214,Promoción,,BEST_DEAL,,False,4.0,126.0,https://www.amazon.com.mx/T-fal-Vaporizador-Minimalista-tambi%C3%A9n-IT3280X1/dp/B0DDMTJR2Y,https://m.media-amazon.com/images/I/61RiKUyxE2L.jpg,0.33211070356785655,Home,False,1159.65,"$1,000–2,499",2026-09-24T22:23:06.483588+00:00,Amazon Mexico,MXN
274,B0DN2G9TWD,PIGEON SofTouch | Biberón Recién Nacido 0+ Meses | Simula Lactancia Materna | Tecnología Japonesa | Reduce Cólicos | Tetina SS | 160 ml | Color Blanco.,Pigeon,gl_baby_product,BABY_BOTTLE,195.08,259.0,Precio de lista:,25.0,24.679536679536675,Promoción,,BEST_DEAL,,False,5.0,778.0,https://www.amazon.com.mx/PIGEON-SofTouch-Lactancia-Tecnolog%C3%ADa-Japonesa/dp/B0DN2G9TWD,https://m.media-amazon.com/images/I/312-J25Q+6L.jpg,0.3204633204633254,Baby Product,False,63.91999999999999,Under $500,2026-09-24T22:23:06.483588+00:00,Amazon Mexico,MXN
275,B0DWXC4H6C,"hujusko Silla Ergonómica Escritorio Malla,Soporte Lumbar y Reposapiés,Gris",hujusko,gl_furniture,CHAIR,4151.49,4599.0,Precio de lista:,10.0,9.73059360730594,Termina en,2026-09-25T05:59:59.000Z,BEST_DEAL,11.0,False,4.0,235.0,https://www.amazon.com.mx/hujusko-Ergon%C3%B3mica-Escritorio-Soporte-Reposapi%C3%A9s/dp/B0DWXC4H6C,https://m.media-amazon.com/images/I/81Fmt1xcKrL.jpg,0.2694063926940604,Furniture,True,447.5100000000002,"$2,500–4,999",2026-09-24T22:23:06.483588+00:00,Amazon Mexico,MXN
276,B0DW8HYHBT,"MOOMEE Juego de Funda Nórdica 100% Algodón Lavado Tipo Lino Full | Textura tipo lino. Suave, transpirable y duradera. Ligera. Cremallera oculta con 8 lazos en las esquinas.",MOOMEE,gl_home,BED_LINEN_SET,1754.99,2053.34,Anterior:,15.0,14.529985292255551,Termina en,2026-09-25T05:59:59.000Z,BEST_DEAL,,False,4.0,14651.0,https://www.amazon.com.mx/MOOMEE-edred%C3%B3n-algod%C3%B3n-Transpirable-Duradero/dp/B0DW8HYHBT,https://m.media-amazon.com/images/I/81t30AQu8rL.jpg,0.47001470774444876,Home,True,298.35000000000014,"$1,000–2,499",2026-09-24T22:23:06.483588+00:00,Amazon Mexico,MXN
277,B00HAOP8UQ,"CALVIN KLEIN, Fragancia Unisex, CK One Eau de Toilette, Fragancia Fresca, Cítrica y Floral, Aromas de Bergamota, Té Verde y Almizcle, 100 ml",Calvin Klein,gl_beauty,PERSONAL_FRAGRANCE,399.0,483.69,Anterior:,18.0,17.509148421509643,Promoción,,BEST_DEAL,,False,4.0,15869.0,https://www.amazon.com.mx/Fragancia-Toilette-C%C3%ADtrica-Bergamota-Almizcle/dp/B00HAOP8UQ,https://m.media-amazon.com/images/I/51bo1RaXzuL.jpg,0.4908515784903571,Beauty,False,84.69,Under $500,2026-09-24T22:23:06.483588+00:00,Amazon Mexico,MXN
278,B0FXG9C9HW,"POWKONG Dock Switch 2 Compatible con Nintendo(2025)/Joypad/OLED, 4K 60Hz HDMI TV Docking Station with Switch Base,3 en 1 Switch2 Cargador con USB-C PD Carga rápida e indicador LED",POWKONG,gl_electronics,ELECTRONIC_DEVICE_DOCKING_STATION,1538.15,1799.0,Anterior:,14.0,14.49972206781545,Termina en,2026-09-25T05:59:59.000Z,BEST_DEAL,,False,4.0,370.0,https://www.amazon.com.mx/POWKONG-Compatible-Nintendo-Cargador-indicador/dp/B0FXG9C9HW,https://m.media-amazon.com/images/I/61eQ-A560uL.jpg,0.4997220678154495,Electronics,True,260.8499999999999,"$1,000–2,499",2026-09-24T22:23:06.483588+00:00,Amazon Mexico,MXN
279,B0CX6WSN8C,SELECTSHOP Silla Ejecutiva para Oficina con Reposapies Reclinable Y Giratoria Asiento para Trabajo Ergonómica con Descansapies Y Masaje De Espalda Asiento Y Respaldo Acojinados PO14C1,,gl_furniture,CHAIR,1498.0,2299.0,Precio de lista:,35.0,34.84123531970422,Promoción,,BEST_DEAL,,False,3.0,227.0,https://www.amazon.com.mx/SELECTSHOP-Reposapies-Reclinable-Ergon%C3%B3mica-Descansapies/dp/B0CX6WSN8C,https://m.media-amazon.com/images/I/71MHbyPFgLL.jpg,0.15876468029578206,Furniture,False,801.0,"$1,000–2,499",2026-09-24T22:23:06.483588+00:00,Amazon Mexico,MXN
280,B0FMXF7ZVD,"VASAGLE Librería de 6 Niveles, Estantería de Libros, 24 x 40 x 178.5 cm, Estantes Ajustables, Oficina, Salón, Dormitorio, Blanco Nube MLBC167T14",VASAGLE,gl_home,SHELF,1079.99,1499.99,Precio de lista:,28.0,28.00018666791112,Promoción,,BEST_DEAL,,False,4.0,1027.0,https://www.amazon.com.mx/VASAGLE-Estanter%C3%ADa-Ajustables-Dormitorio-MLBC167T14/dp/B0FMXF7ZVD,https://m.media-amazon.com/images/I/61JivKvZ01L.jpg,0.0001866679111195424,Home,False,420.0,"$1,000–2,499",2026-09-24T22:23:06.483588+00:00,Amazon Mexico,MXN
281,B0F45D3X17,Philips Avent Tetina Natural Response Flujo 5 - Variable | Facilita combinar pecho y biberón | Solo libera leche cuando succiona | Antigoteo y válvula anticólicos | 4 pz | SCY965/44,AVENT,gl_baby_product,BOTTLE_NIPPLE,255.51,409.0,Precio de lista:,38.0,37.5281173594132,Promoción,,BEST_DEAL,,False,5.0,1373.0,https://www.amazon.com.mx/Philips-Avent-Tetina-Natural-Response/dp/B0F45D3X17,https://m.media-amazon.com/images/I/61OH8j4sDoL.jpg,0.47188264058679863,Baby Product,False,153.49,Under $500,2026-09-24T22:23:06.483588+00:00,Amazon Mexico,MXN
282,B0GQZBPYSY,"Flashforge Ad5x Impresora 3D Multicolor, Corexy 600mm/s | Nivelación 1 clic, extrusor 300°C, IFS 4 colores, 220x220x220 mm, garantía 1 año, creatividad sin límites",FLASHFORGE,gl_biss,3D_PRINTER,8801.1,9779.0,Precio de lista:,10.0,9.999999999999996,Termina en,2026-09-25T05:59:59.000Z,BEST_DEAL,4.0,False,4.0,1020.0,https://www.amazon.com.mx/Flashforge-Impresora-Multicolor-Corexy-600mm/dp/B0GQZBPYSY,https://m.media-amazon.com/images/I/71UFLH1TTHL.jpg,3.552713678800501e-15,Biss,True,977.8999999999996,"$5,000+",2026-09-24T22:23:06.483588+00:00,Amazon Mexico,MXN
283,B0D5HBLZPJ,"BOTTLE BOTTLE Taza de viaje aislada de 350ml con tapa a presión(Gris) | Vaso de acero inoxidable para café de oficina,mantiene el frío y el calor durante 6 horas",BOTTLE BOTTLE,gl_home,THERMOS,343.09,389.89,Precio de lista:,12.0,12.003385570289058,Termina en,2026-09-25T05:59:59.000Z,BEST_DEAL,,False,4.0,1960.0,https://www.amazon.com.mx/BOTTLE-aislada-inoxidable-oficina-mantiene/dp/B0D5HBLZPJ,https://m.media-amazon.com/images/I/51hguS5+lOL.jpg,0.0033855702890583927,Home,True,46.80000000000001,Under $500,2026-09-24T22:23:06.483588+00:00,Amazon Mexico,MXN
284,B0F9FH3WFR,"UGREEN Nexode Pro 300W Cargador de Escritorio con Pantalla Inteligente | 8 Puertos, Control Remoto Mediante App, Salida de DC de 240W, USB-C 140 W Máx, Compatible con MacBook Pro/Air, XPS, iPad",UGREEN,gl_electronics,ELECTRONIC_DEVICE_DOCKING_STATION,2799.0,3999.0,Precio de lista:,30.0,30.00750187546887,Promoción,,BEST_DEAL,,False,4.0,41.0,https://www.amazon.com.mx/UGREEN-Cargador-Escritorio-Pantalla-Inteligente/dp/B0F9FH3WFR,https://m.media-amazon.com/images/I/51vp-yUK4-L.jpg,0.007501875468868491,Electronics,False,1200.0,"$2,500–4,999",2026-09-24T22:23:06.483588+00:00,Amazon Mexico,MXN
285,B07PM79MSC,"La Roche-Posay Pure Vitamin C12, Sérum Facial Antioxidante con 12% de Vitamina C, Antiarrugas, Mayor Luminosidad, Textura Ligera, para Pieles Sensibles, 30 ml",La Roche-Posay,gl_beauty,SKIN_SERUM,858.9,1399.0,Precio de lista:,39.0,38.60614724803431,Promoción,,BEST_DEAL,,False,4.0,19162.0,https://www.amazon.com.mx/Roche-Posay-Anti-Oxidante-Vitamina-limunosidad/dp/B07PM79MSC,https://m.media-amazon.com/images/I/612rQ+tTL6L.jpg,0.3938527519656887,Beauty,False,540.1,$500–999,2026-09-24T22:23:06.483588+00:00,Amazon Mexico,MXN
286,B0FMDF1NTV,"Magcubic HY300PRO Mini proyector portátil Auto Keystone, proyector Inteligente 200 ANSI con WiFi 6, BT 5.0, Pantalla de 130 Pulgadas, Giro de 180 Grados",Magcubic,gl_home_entertainment,VIDEO_PROJECTOR,699.99,999.99,Precio de lista:,30.0,30.00030000300003,Promoción,,BEST_DEAL,,False,4.0,9515.0,https://www.amazon.com.mx/Magcubic-HY300PRO-proyector-port%C3%A1til-Inteligente/dp/B0FMDF1NTV,https://m.media-amazon.com/images/I/51jz--WlTWL.jpg,0.00030000300003152347,Home Entertainment,False,300.0,$500–999,2026-09-24T22:23:06.483588+00:00,Amazon Mexico,MXN
287,B0FWT8QC5M,"L'Oreal Paris Revitalift Laser Sérum Rostro Triple Acción Anti-Edad,Corrige Arrugas, Da Firmeza, Luminosidad y Unifica el Tono, Con Tecnología Tri-Péptidos y Vitamina C, 30ml.",L'Oreal Paris,gl_beauty,SKIN_MOISTURIZER,225.0,410.0,Precio de lista:,45.0,45.1219512195122,Promoción,,BEST_DEAL,,False,4.0,812.0,https://www.amazon.com.mx/LOreal-Paris-Revitalift-Luminosidad-Tri-P%C3%A9ptidos/dp/B0FWT8QC5M,https://m.media-amazon.com/images/I/51IeGRCVvoL.jpg,0.1219512195121979,Beauty,False,185.0,Under $500,2026-09-24T22:23:06.483588+00:00,Amazon Mexico,MXN
288,B0F1DX5TMD,"OBY Magnesio Complex 5 con Citrato, Bisglicinato y Treonato 190 cápsulas | 5 Tipos de Magnesio: Citrato + Bisglicinato + Treonato + Gluconato + Taurato con Vitamina D3 y C (Camu Camu), Sin Óxido",OBY,gl_drugstore,MINERAL_SUPPLEMENT,399.99,549.0,Precio de lista:,27.0,27.142076502732237,Promoción,,BEST_DEAL,,False,4.0,2110.0,https://www.amazon.com.mx/Oby-Magnesio-Complex-MAGNESIOS-BisGlicinato/dp/B0F1DX5TMD,https://m.media-amazon.com/images/I/61kMzcUs8nL.jpg,0.1420765027322375,Drugstore,False,149.01,Under $500,2026-09-24T22:23:06.483588+00:00,Amazon Mexico,MXN
289,B0BYJ79PHH,"Yodoit Monitor Portátil 15.6 Pulgadas, IPS FHD 1080P USB Type-C Pantalla para Laptop, Monitor Portable de Juego 100% SRGB HDR con HDMI/USB C para MacBook PC Xbox PS4/5 Nintendo Switch Teléfono",Yodoit,gl_pc,MONITOR,1399.0,1699.99,Precio de lista:,18.0,17.70539826704863,Promoción,,BEST_DEAL,,False,4.0,4904.0,https://www.amazon.com.mx/Yodoit-Port%C3%A1til-Pulgadas-Pantalla-Portable/dp/B0BYJ79PHH,https://m.media-amazon.com/images/I/71hTV5eyAvL.jpg,0.2946017329513708,Pc,False,300.99,"$1,000–2,499",2026-09-24T22:23:06.483588+00:00,Amazon Mexico,MXN
290,B0CDQN72WP,"Oral-B iO6 Cepillo Dental Eléctrico con App Coach, Precisión en Cada Cepillado",Oral-B,gl_personal_care_appliances,TOOTHBRUSH,2408.01,3689.99,Precio de lista:,35.0,34.74209957208555,Promoción,,BEST_DEAL,,False,4.0,660.0,https://www.amazon.com.mx/Cepillo-El%C3%A9ctrico-Dientes-Saludables-Unidad/dp/B0CDQN72WP,https://m.media-amazon.com/images/I/61Dr7W5+eML.jpg,0.2579004279144499,Personal Care Appliances,False,1281.9799999999996,"$1,000–2,499",2026-09-24T22:23:06.483588+00:00,Amazon Mexico,MXN
291,B0CMGBN9G3,"2 Pack Micrófono Inalámbrico,Microfono de Solapa para iPhone/iPad/Android/PC,Inalámbrico Lavalier Compatible Profesional con Reducción de Ruido Inteligente,Plug and Play,para Vlog Video,Youtube Tiktok",,gl_electronics,MICROPHONE,279.34,379.0,Precio de lista:,26.0,26.295514511873357,Termina en,2026-09-25T05:59:59.000Z,BEST_DEAL,,False,4.0,1023.0,https://www.amazon.com.mx/Micr%C3%B3fono-Inal%C3%A1mbrico-Compatible-Profesional-Inteligente/dp/B0CMGBN9G3,https://m.media-amazon.com/images/I/61jsQWaWbsL.jpg,0.29551451187335687,Electronics,True,99.66000000000003,Under $500,2026-09-24T22:23:06.483588+00:00,Amazon Mexico,MXN
292,B0G5H98TSD,Altera Homestep Walking Pad Caminadora Eléctrica,Altera,gl_sports,TREADMILL,2419.0,2999.0,Anterior:,19.0,19.339779926642215,Promoción,,BEST_DEAL,,False,4.0,63.0,https://www.amazon.com.mx/Altera-Homestep-Plus-Caminadora-Entrenamiento/dp/B0G5H98TSD,https://m.media-amazon.com/images/I/61ZX5lyCCIL.jpg,0.33977992664221546,Sports,False,580.0,"$1,000–2,499",2026-09-24T22:23:06.483588+00:00,Amazon Mexico,MXN
293,B0GWJYZG3V,"Samsung Essential FHD S3 LS24F310EALXZX Monitor 24"" FHD 120Hz, Panel VA, Resolucion FHD, Tiempo de Respuesta 5 ms (GTG)",Samsung,gl_pc,MONITOR,1563.0,1699.0,Anterior:,8.0,8.004708652148322,Promoción,,BEST_DEAL,,False,4.0,10.0,https://www.amazon.com.mx/Samsung-Essential-LS24F310EALXZX-Resolucion-Respuesta/dp/B0GWJYZG3V,https://m.media-amazon.com/images/I/51CvmWGw7kL.jpg,0.004708652148321946,Pc,False,136.0,"$1,000–2,499",2026-09-24T22:23:06.483588+00:00,Amazon Mexico,MXN
294,B0DG6YDP3R,"FEMMTO Guitarra Eléctrica para Principiantes con Amplificador 5W, Negro | Paquete completo: cuerpo de aliso, 22 trastes, 3 pastillas con selector de 5 vías, funda, cable, correa, púas y cuerdas extra",FEMMTO,gl_musical_instruments,GUITARS,1550.0,1799.0,Precio de lista:,14.0,13.841022790439133,Promoción,,BEST_DEAL,,False,4.0,154.0,https://www.amazon.com.mx/FEMMTO-Guitarra-El%C3%A9ctrica-Amplificador-Bolso/dp/B0DG6YDP3R,https://m.media-amazon.com/images/I/719Len8-xLL.jpg,0.15897720956086658,Musical Instruments,False,249.0,"$1,000–2,499",2026-09-24T22:23:06.483588+00:00,Amazon Mexico,MXN
295,B0GWP1Z86P,"Raganet, Set de 100 Ganchos Metalicos Cubiertos con Terciopelo, Perchas de Alta Calidad, Gancho con Rotacion 360°, Ganchos Antideslizantes y Resistentes (100 Negro)",,gl_home,CLOTHES_HANGER,496.98,729.0,Precio de lista:,32.0,31.827160493827154,Promoción,,BEST_DEAL,,False,4.0,10.0,https://www.amazon.com.mx/Raganet-Metalicos-Terciopelo-Antideslizantes-Resistentes/dp/B0GWP1Z86P,https://m.media-amazon.com/images/I/71OACJHrZKL.jpg,0.1728395061728456,Home,False,232.01999999999998,Under $500,2026-09-24T22:23:06.483588+00:00,Amazon Mexico,MXN
296,B0GTVK7C8Z,"CRUA Gamer Monitor 32 Pulgadas 2K 165Hz Curvo Pantalla para pc 1800R | QHD(2560x1440P) Monitores de Computadora 1ms(GTG) 120%sRGB FreeSync HDR Adecuado para la edición de juegos, imágenes y vídeos",,gl_pc,MONITOR,3699.97,4199.0,Precio de lista:,12.0,11.88449630864492,Promoción,,BEST_DEAL,,False,4.0,127.0,https://www.amazon.com.mx/CRUA-Gamer-Monitor-Pulgadas-Pantalla/dp/B0GTVK7C8Z,https://m.media-amazon.com/images/I/71H0ylD8PNL.jpg,0.1155036913550802,Pc,False,499.0300000000002,"$2,500–4,999",2026-09-24T22:23:06.483588+00:00,Amazon Mexico,MXN
297,B0CQ21WHNY,"Carrito Plegable Más Duradero con Ruedas Todoterreno de 360° y Frenos | Carrito de Compras para Mandado Transportador, Carro de Carga Tipo Wagon Vagón para Niños, Camping, Mudanza, Viajes, Mascotas",Elegear,gl_home,UTILITY_CART_WAGON,1444.23,1799.99,Precio de lista:,20.0,19.7645542475236,Termina en,2026-09-25T05:59:59.000Z,BEST_DEAL,,False,4.0,285.0,https://www.amazon.com.mx/Elegear-Plegable-Todoterreno-Transportador-Mascotas/dp/B0CQ21WHNY,https://m.media-amazon.com/images/I/81OlREnZPDL.jpg,0.23544575247640154,Home,True,355.76,"$1,000–2,499",2026-09-24T22:23:06.483588+00:00,Amazon Mexico,MXN
298,B0BXLH5RGP,"E T EASYTAO Termos para Agua con 2 Tapas, 40OZ Botella de Agua Rosa | Termo Acero Inoxidable, Doble Pared y Tapa Hermética Antigoteo, Frío 24h o Caliente 12h, con Asa para Transportar",,gl_kitchen,THERMOS,277.0,368.0,Anterior:,25.0,24.728260869565215,Promoción,,BEST_DEAL,,False,4.0,11672.0,https://www.amazon.com.mx/EASYTAO-Termos-para-Tapas-Botella/dp/B0BXLH5RGP,https://m.media-amazon.com/images/I/61Qjf-N2mFL.jpg,0.2717391304347849,Kitchen,False,91.0,Under $500,2026-09-24T22:23:06.483588+00:00,Amazon Mexico,MXN
299,B0GRLXZWGZ,"kayme - Funda de automóvil de 7 capas para Toyota Yaris (2005-2026), impermeable, para todo tipo de clima, protección UV contra la lluvia, el sol, color negro",kayme,gl_automotive,VEHICLE_COVER,1496.29,1682.32,Anterior:,11.0,11.057943791906414,Termina en,2026-09-25T05:59:59.000Z,BEST_DEAL,,False,4.0,30822.0,https://www.amazon.com.mx/kayme-autom%C3%B3vil-2005-2026-impermeable-protecci%C3%B3n/dp/B0GRLXZWGZ,https://m.media-amazon.com/images/I/71z3CARhyxL.jpg,0.05794379190641408,Automotive,True,186.02999999999997,"$1,000–2,499",2026-09-24T22:23:06.483588+00:00,Amazon Mexico,MXN
300,B0FD9X8DPS,"Libin Pantalones de Golf para Hombre 30/32/34, Ligeros y elásticos, perfectos para el Trabajo, de Vestir, la Oficina, Viajes y un Estilo Casual de Negocios",Libin,gl_apparel,PANTS,629.99,699.99,Anterior:,10.0,10.000142859183702,Termina en,2026-09-25T05:59:59.000Z,BEST_DEAL,,False,4.0,685.0,https://www.amazon.com.mx/Libin-Pantalones-el%C3%A1sticos-Trabajar-Bolsillos/dp/B0FD9X8DPS,https://m.media-amazon.com/images/I/61jKBcOpFIL.jpg,0.0001428591837022708,Apparel,True,70.0,$500–999,2026-09-24T22:23:06.483588+00:00,Amazon Mexico,MXN
301,B08VQKYMNJ,"ULTRACHEF Juego de 3 Sartenes de Hierro Fundido con Mango Largo, Previamente Curado, Cast-Iron Skillet, Set de 3 piezas (6"", 8"" y 10""), Negro",ULTRACHEF,gl_kitchen,SAUTE_FRY_PAN,549.0,799.0,Precio de lista:,31.0,31.289111389236545,Promoción,,BEST_DEAL,,False,4.0,5268.0,https://www.amazon.com.mx/Sartenes-Fundido-Previamente-Cast-Iron-Skillet/dp/B08VQKYMNJ,https://m.media-amazon.com/images/I/81BtWwI+YcL.jpg,0.28911138923654534,Kitchen,False,250.0,$500–999,2026-09-24T22:23:06.483588+00:00,Amazon Mexico,MXN
302,B0D9NJTFQT,"BIGASUO Portarretratos Digital WiFi 10.1"", Frameo Marco Digital para Fotos con 32GB Memoria, IPS 1280x800, Envía Fotos y Vídeos Desde el Móvil, Regalo para Padres y Abuelos Negro-Blanco",,gl_camera,DIGITAL_PICTURE_FRAME,999.93,1299.99,Precio de lista:,23.0,23.081716013200108,Promoción,,BEST_DEAL,,False,4.0,549.0,https://www.amazon.com.mx/BIGASUO-Portarretratos-Digital-1280x800-Negro-Blanco/dp/B0D9NJTFQT,https://m.media-amazon.com/images/I/71c80sWpK-L.jpg,0.0817160132001078,Camera,False,300.06000000000006,$500–999,2026-09-24T22:23:06.483588+00:00,Amazon Mexico,MXN
303,B0DZFTSZVX,"SONGMICS Silla de Oficina Ergonómica, Tejido de Malla de Doble Capa | Reposabrazos Plegables, Lumbar y Reposacabezas Ajustables, Gris Paloma, Colección KIME MOBN041G01",SONGMICS,gl_home,CHAIR,2429.99,2699.99,Precio de lista:,10.0,10.000037037174213,Promoción,,BEST_DEAL,,False,4.0,567.0,https://www.amazon.com.mx/SONGMICS-Ergon%C3%B3mica-Reposabrazos-Reposacabezas-Ajustables/dp/B0DZFTSZVX,https://m.media-amazon.com/images/I/71ldWGU1xDL.jpg,3.703717421288388e-05,Home,False,270.0,"$1,000–2,499",2026-09-24T22:23:06.483588+00:00,Amazon Mexico,MXN
304,B0D735JKXW,"Dubinik® 6 oz Camisa Franela Hombre Oeste Vaquero Cuadros Broche Trabajo | 100% Algodón, Manga Larga Con Botones De Perlas, Cálida, Suave, Gruesa, Ligera, Estilo Vintage, Fácil de Cuidar, Ropa Diaria",Dubinik,gl_apparel,SHIRT,719.99,799.99,Anterior:,10.0,10.00012500156252,Termina en,2026-09-25T05:59:59.000Z,BEST_DEAL,,False,4.0,353.0,https://www.amazon.com.mx/Dubinik%C2%AE-Franela-Western-Vaquero-Cuadros/dp/B0D735JKXW,https://m.media-amazon.com/images/I/71fWIeA7t6L.jpg,0.00012500156251959993,Apparel,True,80.0,$500–999,2026-09-24T22:23:06.483588+00:00,Amazon Mexico,MXN
305,B0G67C3S23,"Garnier Fructis Liso Diamante, 100H Brillo Diamante Liso anti frizz | Spray Alisador 150ml con keratina para el cabello, Aceite de Argán y Protección Térmica hasta 230°C",Garnier,gl_beauty,HAIR_STYLING_AGENT,102.04,119.0,Precio de lista:,14.0,14.25210084033613,Promoción,,BEST_DEAL,,False,4.0,456.0,https://www.amazon.com.mx/Garnier-Diamante-Alisador-Complejo-Protecci%C3%B3n/dp/B0G67C3S23,https://m.media-amazon.com/images/I/51bCAsVl-hL.jpg,0.25210084033613,Beauty,False,16.959999999999994,Under $500,2026-09-24T22:23:06.483588+00:00,Amazon Mexico,MXN
306,B0GDFVNTB4,Wavytalk Depilación IPL – Dispositivo de precisión con rodillo para todo el cuerpo,wavytalk,gl_beauty,BEAUTY,2829.65,3144.06,Anterior:,10.0,10.000127224035161,Termina en,2026-09-25T05:59:59.000Z,BEST_DEAL,,False,4.0,138.0,https://www.amazon.com.mx/Wavytalk-Dispositivo-depilaci%C3%B3n-IPL-Bare/dp/B0GDFVNTB4,https://m.media-amazon.com/images/I/61oYa7UoVtL.jpg,0.0001272240351610776,Beauty,True,314.40999999999985,"$2,500–4,999",2026-09-24T22:23:06.483588+00:00,Amazon Mexico,MXN
307,B0G1D19W6Y,"CHiQ Televisión 40F621FR ROKU Pantalla 40 Pulgadas Smart TV Full HD 1080P con WiFi, Aplicación Móvil, Audio Dolby, Diseño Sin Marco Metálico, Compatible con Apple HomeKit",CHiQ,gl_home_entertainment,TELEVISION,2999.0,3799.0,Precio de lista:,21.0,21.0581732034746,Promoción,,BEST_DEAL,,False,4.0,40.0,https://www.amazon.com.mx/CHiQ-Television-40F621FR-Aplicaci%C3%B3n-Compatible/dp/B0G1D19W6Y,https://m.media-amazon.com/images/I/71mKiAXL7WL.jpg,0.05817320347459898,Home Entertainment,False,800.0,"$2,500–4,999",2026-09-24T22:23:06.483588+00:00,Amazon Mexico,MXN
308,B0GQ2MXMG1,"Blink Solaris 2K+: cámara de seguridad inteligente con alimentación solar, funciona con tan solo 45 minutos de luz solar directa, video 2K y Módulo de sincronización incluido - 3 cámaras (negro)",Blink,gl_vdo_devices,VDO_DEVICES,2599.0,7996.0,Lista:,67.0,67.49624812406203,Promoción,,BEST_DEAL,,False,,,https://www.amazon.com.mx/Blink-Solaris-inteligente-alimentaci%C3%B3n-sincronizaci%C3%B3n/dp/B0GQ2MXMG1,https://m.media-amazon.com/images/I/51tSjpLyxKL.jpg,0.4962481240620349,Vdo Devices,False,5397.0,"$2,500–4,999",2026-09-24T22:23:06.483588+00:00,Amazon Mexico,MXN
309,B08F6C1DDT,"Cámara con reflector cableada Ring Plus (Floodlight Cam Wired Plus), con video de alta definición de 1080p activado por movimiento - Negra",Ring,gl_digital_products_9_accessory,VDO_DEVICES,1749.0,4299.0,Precio de lista:,59.0,59.31612002791346,Promoción,,BEST_DEAL,,False,4.0,2376.0,https://www.amazon.com.mx/Ring-Floodlight-definici%C3%B3n-activado-movimiento/dp/B08F6C1DDT,https://m.media-amazon.com/images/I/51wcFnaR8jL.jpg,0.3161200279134633,Digital Products 9 Accessory,False,2550.0,"$1,000–2,499",2026-09-24T22:23:06.483588+00:00,Amazon Mexico,MXN
310,B0F8VF8XW5,"Dubinik® 6.3 oz Camisa Franela Hombre Western de Manga Larga Snap Botón | 100% Algodón,Suave,Casual,Ligera,Vintage,Cálida,Doble Bolsillo En Pecho,Diseño Cuadros,Duradera,Para Uso Diario",Dubinik,gl_apparel,SHIRT,1110.32,1299.08,Anterior:,15.0,14.530282969486096,Termina en,2026-09-25T05:59:59.000Z,BEST_DEAL,,False,4.0,132.0,https://www.amazon.com.mx/Dubinik%C2%AE-Camisa-Franela-Western-Comfort/dp/B0F8VF8XW5,https://m.media-amazon.com/images/I/91qMY8IlEjL.jpg,0.46971703051390357,Apparel,True,188.76,"$1,000–2,499",2026-09-24T22:23:06.483588+00:00,Amazon Mexico,MXN
311,B0H9YK916G,"Dispensador de Agua con Garrafón Oculto, Ideal para Hogar Oficina Gimnasio | Enfriador de Agua de Acero Inoxidable, Dispensador de Agua Fría y Caliente con 3 Temperaturas Independientes, Anti-sequedad",,gl_home,WATER_DISPENSER,3099.97,3499.99,Precio de lista:,11.0,11.429175511930033,Promoción,,BEST_DEAL,,False,4.0,49.0,https://www.amazon.com.mx/Dispensador-Agua-Garraf%C3%B3n-Oficina-Gimnasio/dp/B0H9YK916G,https://m.media-amazon.com/images/I/615AeD2CE5L.jpg,0.42917551193003334,Home,False,400.02,"$2,500–4,999",2026-09-24T22:23:06.483588+00:00,Amazon Mexico,MXN
312,B07QP1D893,"Dreamlab Manta Pesada de estimulación sensorial - Textura Reversible Invierno/Verano, Materiales Certificados Oeko-Tex Standard 100, con Microperlas de Vidrio. Color Gris. 121cm x 182cm (9 Kilos)",Dreamlab,gl_home,BLANKET,1699.15,1999.0,Precio de lista:,15.0,14.999999999999996,Promoción,,BEST_DEAL,,False,4.0,474.0,https://www.amazon.com.mx/DREAMLAB-Manta-Pesada-estimulaci%C3%B3n-sensorial/dp/B07QP1D893,https://m.media-amazon.com/images/I/71BAGGpCppL.jpg,3.552713678800501e-15,Home,False,299.8499999999999,"$1,000–2,499",2026-09-24T22:23:06.483588+00:00,Amazon Mexico,MXN
313,B0G7F5WN1J,"JEECOLI Ventilador de Techo 42 Pulgadas con Luz LED y Control Remoto | 5 Aspas de Nogal, Empotrado,Ultrasilencioso, Gran Caudal de Aire, 3 Tonos de Luz para Sala y Recámara",JEECOLI,gl_home,LIGHT_FIXTURE,1198.99,1358.0,Precio de lista:,12.0,11.709131075110456,Promoción,,BEST_DEAL,,False,4.0,41.0,https://www.amazon.com.mx/Ventilador-Techo-Luz-Abanicos-Control/dp/B0G7F5WN1J,https://m.media-amazon.com/images/I/61nj8+xHBOL.jpg,0.2908689248895442,Home,False,159.01,"$1,000–2,499",2026-09-24T22:23:06.483588+00:00,Amazon Mexico,MXN
314,B0CRT6HQ82,"Soundcore by Anker Sport X20 Audífonos Inalámbricos Deportivos | Cancelación de Ruido Activa, Bajos Potentes, IP68 Resistente al Agua y Sudor, Ganchos Ajustables, Hasta 48h, Carga Rápida",Soundcore,gl_electronics,HEADPHONES,1367.98,1799.0,Precio de lista:,24.0,23.95886603668705,Promoción,,BEST_DEAL,,False,4.0,15703.0,https://www.amazon.com.mx/Soundcore-auriculares-entrenamiento-extensibles-cancelaci%C3%B3n/dp/B0CRT6HQ82,https://m.media-amazon.com/images/I/51vqMmvB4-L.jpg,0.041133963312951494,Electronics,False,431.02,"$1,000–2,499",2026-09-24T22:23:06.483588+00:00,Amazon Mexico,MXN
315,B07KDL84R3,"AVERA Calentador de Agua Instantaneo GAS LP, Boiler de Paso, Capacidad 6 Litros/Minuto, 1 Servicio, Facil Instalacion, Ahorro de Gas y Agua Caliente al Instante | C6L",,gl_home_improvement,WATER_HEATER,1348.99,1749.0,Precio de lista:,23.0,22.87078330474557,Promoción,,BEST_DEAL,,False,4.0,4362.0,https://www.amazon.com.mx/Calentador-agua-instant%C3%A1neo-servicio-AVERA/dp/B07KDL84R3,https://m.media-amazon.com/images/I/51Zpaa4MioL.jpg,0.12921669525443136,Home Improvement,False,400.01,"$1,000–2,499",2026-09-24T22:23:06.483588+00:00,Amazon Mexico,MXN
316,B0876T9DQZ,Philips Avent Calentador de Biberones en 3 minutos | Control inteligente de temperatura | Función para descongelar | Calienta de manera uniforme | Apagado automático | SCF358/00,AVENT,gl_baby_product,BABY_BOTTLE,897.0,,,,,,,BEST_DEAL,,False,4.0,14494.0,https://www.amazon.com.mx/Philips-Calentador-Biberones-%E2%94%82Premium-00/dp/B0876T9DQZ,https://m.media-amazon.com/images/I/51zOPf0+cIL.jpg,,Baby Product,False,,$500–999,2026-09-24T22:23:06.483588+00:00,Amazon Mexico,MXN
317,B0GT73YX5N,Laptop Lenovo Ideapad Slim 3 | Intel Core i3 | 8 GB RAM 512GB SSD | Lector SD | Windows 11 Azul,Lenovo,gl_pc,NOTEBOOK_COMPUTER,9699.0,11499.0,Precio de lista:,16.0,15.653535090007829,Promoción,,BEST_DEAL,,False,4.0,7.0,https://www.amazon.com.mx/Laptop-Lenovo-Ideapad-Lector-Windows/dp/B0GT73YX5N,https://m.media-amazon.com/images/I/7120NIhuAwL.jpg,0.3464649099921715,Pc,False,1800.0,"$5,000+",2026-09-24T22:23:06.483588+00:00,Amazon Mexico,MXN
318,B0F8QHS8WZ,"PRETTYGARDEN Pantalones Palazzo de Pierna Ancha para Mujer | Pantalones de Primavera 2026, con Botones Sueltos, Cintura Alta, Plisados, para Trabajo, Negocios, Casual",PRETTYGARDEN,gl_apparel,PANTS,629.12,699.02,Precio de lista:,10.0,9.999713885153499,Termina en,2026-09-25T05:59:59.000Z,BEST_DEAL,,False,4.0,2005.0,https://www.amazon.com.mx/PRETTYGARDEN-Pantalones-el%C3%A1stica-plisados-bolsillos/dp/B0F8QHS8WZ,https://m.media-amazon.com/images/I/61lb8kasFlL.jpg,0.00028611484650120644,Apparel,True,69.89999999999998,$500–999,2026-09-24T22:23:06.483588+00:00,Amazon Mexico,MXN
319,B0FM84YB3M,"YIYAHA Monitor Bebé 5 Pulgadas con Cámara HD y WiFi, Control por App | Zoom 4X Panorámico, Audio Bidireccional, Visión Nocturna Infrarroja, Canciones de Cuna, Monitoreo de Temperatura",,gl_home_improvement,SECURITY_CAMERA,1784.13,2099.0,Precio de lista:,15.0,15.000952834683176,Promoción,,BEST_DEAL,,False,4.0,62.0,https://www.amazon.com.mx/YIYAHA-Conectividad-Aplicaci%C3%B3n-Panor%C3%A1mico-Bidireccional/dp/B0FM84YB3M,https://m.media-amazon.com/images/I/71G-cgXt9aL.jpg,0.0009528346831757517,Home Improvement,False,314.8699999999999,"$1,000–2,499",2026-09-24T22:23:06.483588+00:00,Amazon Mexico,MXN
320,B0DR2SCHS9,"Tenda Mesh MX12/EX12 (3 Pack) WiFi 6 Mesh Sistema AX3000 Nova, hasta 2402Mbps, Doble Banda Gigabit para, 160+ Dispositivos, Cobertura de hasta 650 ㎡, Compatible con backhaul Ethernet",Tenda,gl_pc,NETWORKING_ROUTER,2249.0,3799.99,Precio de lista:,41.0,40.81563372535191,Promoción,,BEST_DEAL,,False,4.0,994.0,https://www.amazon.com.mx/Tenda-2402Mbps-Dispositivos-Cobertura-Compatible/dp/B0DR2SCHS9,https://m.media-amazon.com/images/I/51uLPLJLg6L.jpg,0.18436627464809163,Pc,False,1550.9899999999998,"$1,000–2,499",2026-09-24T22:23:06.483588+00:00,Amazon Mexico,MXN
321,B0CNS41RZ8,Bote para pañales Diaper Genie Compact | Incluye 1 recambio cuadrado de inicio que puede contener hasta 165 pañales tamaño recién nacido,Diaper Genie,gl_baby_product,BUCKET,588.92,775.01,Precio de lista:,24.0,24.011303079960264,Promoción,,BEST_DEAL,,False,4.0,730.0,https://www.amazon.com.mx/Diaper-Genie-Compact-Starter-Newborn-Sized/dp/B0CNS41RZ8,https://m.media-amazon.com/images/I/611sFoG878L.jpg,0.011303079960264029,Baby Product,False,186.09000000000003,$500–999,2026-09-24T22:23:06.483588+00:00,Amazon Mexico,MXN
322,B0FKMWK59N,"SUNLU Filamento PETG,4KG Negro+Blanco+Rojo+Azul Klein | Filamento Impresora 3D ±0.02mm, 4KG en Total, 1KG por Bobina",SUNLU,gl_office_product,THERMOPLASTIC_FILAMENT,797.34,839.31,Anterior:,5.0,5.000536154698492,Termina en,2026-09-25T05:59:59.000Z,BEST_DEAL,36.0,False,4.0,1235.0,https://www.amazon.com.mx/SUNLU-PETG-Filamento-Impresora-3D/dp/B0FKMWK59N,https://m.media-amazon.com/images/I/81NaUPzjVwL.jpg,0.0005361546984916643,Office Product,True,41.969999999999914,$500–999,2026-09-24T22:23:06.483588+00:00,Amazon Mexico,MXN
323,B0CT55B1QC,"Tapo TP-Link TC40, [Nueva Generación] Cámara de Seguridad Wi-Fi para Exteriores, 1080P con Visión Nocturna, Detección de Movimiento, Funciona con Alexa",Tapo,gl_camera,SECURITY_CAMERA,719.0,799.0,Precio de lista:,10.0,10.012515644555695,Promoción,,BEST_DEAL,,False,4.0,1679.0,https://www.amazon.com.mx/TP-Link-TC40-Generaci%C3%B3n-Exteriores-Movimiento/dp/B0CT55B1QC,https://m.media-amazon.com/images/I/411MXa0CEAL.jpg,0.01251564455569465,Camera,False,80.0,$500–999,2026-09-24T22:23:06.483588+00:00,Amazon Mexico,MXN
324,B08FD8VRYZ,"Philips Avent Esterilizador Eléctrico a Vapor Esteriliza, Seca y Almacena | Biberones listos para cada toma | Elimina 99.9% de gérmenes | Esteriliza y seca en 40 minutos | Hasta 6 biberones | SCF293/00",AVENT,gl_baby_product,BABY_PRODUCT,2261.9,3569.0,Precio de lista:,37.0,36.62370411880078,Promoción,,BEST_DEAL,,False,4.0,3078.0,https://www.amazon.com.mx/Philips-AVENT-SCF293-00-Esterilizador/dp/B08FD8VRYZ,https://m.media-amazon.com/images/I/513mpzlCGHL.jpg,0.3762958811992192,Baby Product,False,1307.1,"$1,000–2,499",2026-09-24T22:23:06.483588+00:00,Amazon Mexico,MXN
325,B0CL9QX8RZ,"MySmile LP221 UVC Irrigadores dentales inalámbricos esterilizables para dientes Hilo dental portátil con pantalla OLED de 335 ml con 4 modos, 8 puntas de chorro y una bolsa de almacenamiento para el hogar y los viajes (Negro medianoche)",MySmile,gl_personal_care_appliances,ORAL_IRRIGATOR,1126.94,1799.99,Anterior:,37.0,37.39187439930222,Termina en,2026-09-25T05:59:59.000Z,BEST_DEAL,,False,4.0,12992.0,https://www.amazon.com.mx/MySmile-LP221-inal%C3%A1mbricos-esterilizables-almacenamiento/dp/B0CL9QX8RZ,https://m.media-amazon.com/images/I/71PgKQGjw6L.jpg,0.39187439930221757,Personal Care Appliances,True,673.05,"$1,000–2,499",2026-09-24T22:23:06.483588+00:00,Amazon Mexico,MXN
326,B091BJ6QJV,"Falda de Cama anti-polvo envolvente para camas tamaño King con caída de 15 pulgadas - banda elástica de fácil ajuste - Rodapiés plisado ajustable - para mujeres, hombres, niños y adolescentes - Crema",CGK Unlimited,gl_home,BED_SKIRT,419.04,571.87,Precio de lista:,27.0,26.724605242450206,Termina en,2026-09-25T05:59:59.000Z,BEST_DEAL,,False,4.0,20692.0,https://www.amazon.com.mx/Falda-anti-polvo-envolvente-tama%C3%B1o-pulgadas/dp/B091BJ6QJV,https://m.media-amazon.com/images/I/71-BDyqWe+L.jpg,0.2753947575497939,Home,True,152.82999999999998,Under $500,2026-09-24T22:23:06.483588+00:00,Amazon Mexico,MXN
327,B07PBDJ6QR,"NORTIV 8 Botas de Senderismo para Hombre Media Caña | Calzado para Hiking y Trekking, Impermeable, Suela Antideslizante",NORTIV 8,gl_shoes,BOOT,934.49,1219.0,Precio de lista:,23.0,23.339622641509433,Promoción,,BEST_DEAL,,False,4.0,6710.0,https://www.amazon.com.mx/NORTIV-Botas-Senderismo-Impermeables-Hombre/dp/B07PBDJ6QR,https://m.media-amazon.com/images/I/61cjO5PJYUL.jpg,0.33962264150943255,Shoes,False,284.51,$500–999,2026-09-24T22:23:06.483588+00:00,Amazon Mexico,MXN
328,B0CC5KY1NJ,"Dubinik Camisa Franela Hombre 6oz Cuadros Manga Larga 100% Algodón | CláSsica, 2 Bolsos Com BotãO, Caneta; Macia E Quente Para Trabalho, Lazer Ou Festas; 100% AlgodãO, Flanela.",Dubinik,gl_apparel,SHIRT,719.99,799.99,Anterior:,10.0,10.00012500156252,Termina en,2026-09-25T05:59:59.000Z,BEST_DEAL,,False,4.0,437.0,https://www.amazon.com.mx/Dubinik%C2%AECamisa-Franela-Informal-Bolsillo-Invierno/dp/B0CC5KY1NJ,https://m.media-amazon.com/images/I/91FjICEv2oL.jpg,0.00012500156251959993,Apparel,True,80.0,$500–999,2026-09-24T22:23:06.483588+00:00,Amazon Mexico,MXN
329,B07CCJ7KV3,MEMORY FOAM BABY | Colchón de Cuna Para Bebé Baby Good – Firmeza Media/Suave - 130 x 70 x 15 cm – Hecho de Espuma de Poliuretano,Memory Foam,gl_furniture,MATTRESS,1289.0,1399.0,Anterior:,8.0,7.86275911365261,Promoción,,BEST_DEAL,,False,5.0,3096.0,https://www.amazon.com.mx/Memory-Foam-Colch%C3%B3n-para-Cuna/dp/B07CCJ7KV3,https://m.media-amazon.com/images/I/61+SWyxlHFL.jpg,0.1372408863473904,Furniture,False,110.0,"$1,000–2,499",2026-09-24T22:23:06.483588+00:00,Amazon Mexico,MXN
330,B0F9Z2RDR6,Lacoste L.12.12 CONCEPT SHOPPING BAG Womens,Lacoste,gl_shoes,TOTE_BAG,1463.95,2390.0,Precio de lista:,39.0,38.746861924686186,Promoción,,BEST_DEAL,1.0,False,4.0,100.0,https://www.amazon.com.mx/Lacoste-Bolsa-tipo-shopping-Mujer/dp/B0F9Z2RDR6,https://m.media-amazon.com/images/I/71QTvEe-UTL.jpg,0.2531380753138137,Shoes,False,926.05,"$1,000–2,499",2026-09-24T22:23:06.483588+00:00,Amazon Mexico,MXN
